"","Df","SumOfSqs","R2","F","Pr(>F)"
"Model",4,1501.37094954928,0.41932687480108,2.70802231456014,0.001
"Residual",15,2079.06006923886,0.58067312519892,NA,NA
"Total",19,3580.43101878813,1,NA,NA
