"","Df","SumOfSqs","R2","F","Pr(>F)"
"Model",4,4668.27214985512,0.442818227188845,2.98029912855923,0.001
"Residual",15,5873.91392837123,0.557181772811155,NA,NA
"Total",19,10542.1860782264,1,NA,NA
