"","Df","SumOfSqs","R2","F","Pr(>F)"
"Model",4,104182.583403027,0.552694416877146,4.63353050239048,0.001
"Residual",15,84316.8481484681,0.447305583122853,NA,NA
"Total",19,188499.431551495,1,NA,NA
