sample_id	sample_coverm	Contig_name	Mean coverm	Trimmed Mean coverm	Variance coverm	RPKM coverm	Covered Bases coverm	Length coverm	Read Count coverm	Reads per base coverm	total_rpkm coverm	TPM coverm
CS2_ita_i	SRR33841014.fna/SRR33841014_1.clean.fastq.gz	CS2_ita_i_NODE_5454_length_3837_cov_8.060550	13.106049	12.910816	68.43775	2.3495588	3758	3837	324	0.08444097	560324.9937567768	4.193207203282253
CS2_ita_i	SRR33841014.fna/SRR33841014_1.clean.fastq.gz	CS2_ita_i_NODE_7523_length_3035_cov_6.849329	11.001733	10.053138	101.83738	2.0169592	3035	3035	220	0.072487645	560324.9937567768	3.599623829872405
CS2_ita_i	SRR33841014.fna/SRR33841014_1.clean.fastq.gz	CS2_ita_i_NODE_8318_length_2814_cov_5.647698	7.0405407	5.1601334	108.41593	1.5425301	2814	2814	156	0.0554371	560324.9937567768	2.7529203893938274
CS2_ita_i	SRR33841014.fna/SRR33841014_1.clean.fastq.gz	CS2_ita_i_NODE_8970_length_2661_cov_4.389486	6.9171643	6.74613	14.99473	1.244329	2661	2661	119	0.04472003	560324.9937567768	2.220727281246591
CS2_ita_i	SRR33841014.fna/SRR33841014_1.clean.fastq.gz	CS2_ita_i_NODE_10638_length_2340_cov_2.980744	5.005936	4.8422923	7.240257	0.8918227	2340	2340	75	0.032051284	560324.9937567768	1.591616847252611
CS2_ita_i	SRR33841014.fna/SRR33841014_1.clean.fastq.gz	CS2_ita_i_NODE_10874_length_2299_cov_3.788324	6.1656585	6.024806	5.8347425	1.1013758	2299	2299	91	0.039582428	560324.9937567768	1.965601770885987
CS2_ita_i	SRR33841014.fna/SRR33841014_1.clean.fastq.gz	CS2_ita_i_NODE_12654_length_2054_cov_30.015008	47.26891	47.337223	33.102634	8.507312	2054	2054	628	0.3057449	560324.9937567768	15.182817284236323
CS2_ita_i	SRR33841014.fna/SRR33841014_1.clean.fastq.gz	CS2_ita_i_NODE_12949_length_2023_cov_6.809959	10.513615	10.606995	15.912343	1.8568252	2023	2023	135	0.06673258	560324.9937567768	3.313836114199828
CS2_ita_i	SRR33841014.fna/SRR33841014_1.clean.fastq.gz	CS2_ita_i_NODE_13783_length_1931_cov_4.439232	6.9213924	6.804117	6.793818	1.2392226	1922	1931	86	0.04453651	560324.9937567768	2.211613998675054
CS2_ita_i	SRR33841014.fna/SRR33841014_1.clean.fastq.gz	CS2_ita_i_NODE_14707_length_1839_cov_82.317825	115.39076	117.11767999999999	464.1019	20.622784	1839	1839	1363	0.7411637	560324.9937567768	36.805040342269365
CS2_ita_i	SRR33841014.fna/SRR33841014_1.clean.fastq.gz	CS2_ita_i_NODE_15685_length_1752_cov_53.463170	83.310234	83.53537	129.948	14.833578	1752	1752	934	0.533105	560324.9937567768	26.473168545536787
CS2_ita_i	SRR33841014.fna/SRR33841014_1.clean.fastq.gz	CS2_ita_i_NODE_16073_length_1721_cov_3.585834	5.693189	5.6367493	6.8803296	0.98623884	1721	1721	61	0.03544451	560324.9937567768	1.7601193075247716
CS2_ita_i	SRR33841014.fna/SRR33841014_1.clean.fastq.gz	CS2_ita_i_NODE_16270_length_1706_cov_6.815869	11.429949	11.31455	20.526918	2.0061307	1706	1706	123	0.07209848	560324.9937567768	3.5802984381432243
CS2_ita_i	SRR33841014.fna/SRR33841014_1.clean.fastq.gz	CS2_ita_i_NODE_16377_length_1699_cov_4.069343	6.2885733	6.3089604	7.0801086	1.0972728	1699	1699	67	0.039434962	560324.9937567768	1.9582792347762004
CS2_ita_i	SRR33841014.fna/SRR33841014_1.clean.fastq.gz	CS2_ita_i_NODE_16604_length_1684_cov_2.259055	3.6029987	3.6027496	1.9668797	0.6444002	1670	1684	39	0.023159144	560324.9937567768	1.1500472175612395
CS2_ita_i	SRR33841014.fna/SRR33841014_1.clean.fastq.gz	CS2_ita_i_NODE_19402_length_1496_cov_3.360167	5.587667	5.5462046	7.5644283	0.9485751	1396	1496	51	0.03409091	560324.9937567768	1.6929016384583284
CS2_ita_i	SRR33841014.fna/SRR33841014_1.clean.fastq.gz	CS2_ita_i_NODE_21250_length_1399_cov_9.161458	14.297838	14.250667	12.194875	2.5855849	1399	1399	130	0.092923515	560324.9937567768	4.614437922293251
CS2_ita_i	SRR33841014.fna/SRR33841014_1.clean.fastq.gz	CS2_ita_i_NODE_21267_length_1399_cov_2.551339	4.46277	4.4195557	2.6783009	0.79556453	1381	1399	40	0.02859185	560324.9937567768	1.4198269555424023
CS2_ita_i	SRR33841014.fna/SRR33841014_1.clean.fastq.gz	CS2_ita_i_NODE_22874_length_1327_cov_2.563679	4.2693286	4.3006597	1.7207679	0.7338888	1327	1327	35	0.026375283	560324.9937567768	1.3097556028681507
CS2_ita_i	SRR33841014.fna/SRR33841014_1.clean.fastq.gz	CS2_ita_i_NODE_23765_length_1291_cov_4.526699	7.2822084	7.27556	3.286955	1.2931775	1291	1291	60	0.0464756	560324.9937567768	2.3079061516240995
CS2_ita_i	SRR33841014.fna/SRR33841014_1.clean.fastq.gz	CS2_ita_i_NODE_29168_length_1115_cov_4.016038	6.673575	6.6375146	5.282342	1.0980217	1115	1115	44	0.039461885	560324.9937567768	1.9596157805457881
CS2_ita_i	SRR33841014.fna/SRR33841014_1.clean.fastq.gz	CS2_ita_i_NODE_29426_length_1108_cov_3.757835	6.8997912	6.90625	9.080855	1.1551841	1093	1108	46	0.041516244	560324.9937567768	2.061632289958918
CS2_ita_i	SRR33841014.fna/SRR33841014_1.clean.fastq.gz	CS2_ita_i_NODE_30102_length_1091_cov_5.614865	9.213603	9.252656	10.974539	1.5557443	1091	1091	61	0.055912007	560324.9937567768	2.7765034887508695
CS2_ita_i	SRR33841014.fna/SRR33841014_1.clean.fastq.gz	CS2_ita_i_NODE_31978_length_1048_cov_3.222558	4.9832964	4.9234567	3.9562418	0.8496144	1048	1048	32	0.030534351	560324.9937567768	1.5162885994137834
CS2_ita_i	SRR33841014.fna/SRR33841014_1.clean.fastq.gz	CS2_ita_i_NODE_39863_length_901_cov_46.018913	70.268974	70.633675	77.98623	12.105826	901	901	392	0.43507215	560324.9937567768	21.605008048694753
CS2_ita_i	SRR33841014.fna/SRR33841014_1.clean.fastq.gz	CS2_ita_i_NODE_47688_length_801_cov_2.951743	5.5698924	5.62862	5.32857	0.9031792	801	801	26	0.032459427	560324.9937567768	1.6118845492586535
CS2_ita_i	SRR33841014.fna/SRR33841014_1.clean.fastq.gz	CS2_ita_i_NODE_56418_length_722_cov_1.670165	2.7534964	2.738372	1.7937707	0.46246323	722	722	12	0.016620498	560324.9937567768	0.8253482089016787
CS2_ita_i	SRR33841014.fna/SRR33841014_1.clean.fastq.gz	CS2_ita_i_NODE_66477_length_654_cov_1.585977	2.2837303	2.270925	1.1181443	0.42545673	654	654	10	0.01529052	560324.9937567768	0.7593035019685026
CS2_ita_i	SRR33841014.fna/SRR33841014_1.clean.fastq.gz	CS2_ita_i_NODE_108915_length_502_cov_1.422819	2.28125	2.3238993	0.5503027	0.3879962	502	502	7	0.0139442235	560324.9937567768	0.6924484974311526
CS1_ita_i	SRR33841015.fna/SRR33841015_1.clean.fastq.gz	CS1_ita_i_NODE_1460_length_6764_cov_3.430019	5.482159	5.272926	7.4016924	1.5939776	6764	6764	245	0.036221173	1220495.3891504048	1.306008702834657
CS1_ita_i	SRR33841015.fna/SRR33841015_1.clean.fastq.gz	CS1_ita_i_NODE_1785_length_6024_cov_9.597252	15.248894	15.162254	23.680593	4.4123673	5997	6024	604	0.10026561	1220495.3891504048	3.6152265213156425
CS1_ita_i	SRR33841015.fna/SRR33841015_1.clean.fastq.gz	CS1_ita_i_NODE_2617_length_4879_cov_18.164179	28.446182	28.063894	85.87616	8.280024	4879	4879	918	0.18815331	1220495.3891504048	6.7841501685342545
CS1_ita_i	SRR33841015.fna/SRR33841015_1.clean.fastq.gz	CS1_ita_i_NODE_4968_length_3425_cov_4.797626	7.540458	7.2936587	16.900852	2.1842787	3425	3425	170	0.049635038	1220495.3891504048	1.7896656713471826
CS1_ita_i	SRR33841015.fna/SRR33841015_1.clean.fastq.gz	CS1_ita_i_NODE_5408_length_3268_cov_12.156240	15.8380375	15.173433	45.18293	4.713089	3268	3268	350	0.107099146	1220495.3891504048	3.8616196684534905
CS1_ita_i	SRR33841015.fna/SRR33841015_1.clean.fastq.gz	CS1_ita_i_NODE_6411_length_2984_cov_3.893479	6.1739593	5.999216	11.669341	1.7549624	2984	2984	119	0.039879356	1220495.3891504048	1.4379098975717075
CS1_ita_i	SRR33841015.fna/SRR33841015_1.clean.fastq.gz	CS1_ita_i_NODE_6698_length_2922_cov_2.724799	4.4963927	4.451923	3.9021888	1.2801428	2922	2922	85	0.029089665	1220495.3891504048	1.0488714757792865
CS1_ita_i	SRR33841015.fna/SRR33841015_1.clean.fastq.gz	CS1_ita_i_NODE_7017_length_2843_cov_5.917504	10.634979	10.444536	20.268272	3.0493624	2843	2843	197	0.069293	1220495.3891504048	2.498462859513695
CS1_ita_i	SRR33841015.fna/SRR33841015_1.clean.fastq.gz	CS1_ita_i_NODE_9789_length_2364_cov_2.861412	4.762421	4.6198597	7.5504	1.3403083	2364	2364	72	0.030456852	1220495.3891504048	1.0981674424292565
CS1_ita_i	SRR33841015.fna/SRR33841015_1.clean.fastq.gz	CS1_ita_i_NODE_10167_length_2312_cov_3.771821	6.0300646	5.9295993	4.564112	1.713067	2312	2312	90	0.038927335	1220495.3891504048	1.4035833442947108
CS1_ita_i	SRR33841015.fna/SRR33841015_1.clean.fastq.gz	CS1_ita_i_NODE_11080_length_2197_cov_12.802054	21.917929	21.933262	42.999115	6.2695155	2197	2197	313	0.142467	1220495.3891504048	5.136861274309485
CS1_ita_i	SRR33841015.fna/SRR33841015_1.clean.fastq.gz	CS1_ita_i_NODE_11872_length_2110_cov_4.005353	7.428571	7.3316326	6.158244	2.0647736	2110	2110	99	0.04691943	1220495.3891504048	1.691750430484873
CS1_ita_i	SRR33841015.fna/SRR33841015_1.clean.fastq.gz	CS1_ita_i_NODE_12701_length_2029_cov_165.981763	262.02875	263.04608	741.2476	73.87241	2029	2029	3406	1.6786594	1220495.3891504048	60.526578516140965
CS1_ita_i	SRR33841015.fna/SRR33841015_1.clean.fastq.gz	CS1_ita_i_NODE_16968_length_1714_cov_28.228451	43.922634	43.953835	70.56278	12.34963	1714	1714	481	0.2806301	1220495.3891504048	10.11853884068883
CS1_ita_i	SRR33841015.fna/SRR33841015_1.clean.fastq.gz	CS1_ita_i_NODE_35346_length_1082_cov_2.157741	3.467811	3.4119048	3.1300044	0.93544936	1017	1082	23	0.021256931	1220495.3891504048	0.7664505481263413
CS1_ita_i	SRR33841015.fna/SRR33841015_1.clean.fastq.gz	CS1_ita_i_NODE_50781_length_850_cov_22.859119	35.4	35.60635	17.85694	9.629722	850	850	186	0.21882352	1220495.3891504048	7.890010962436585
CS1_ita_i	SRR33841015.fna/SRR33841015_1.clean.fastq.gz	CS1_ita_i_NODE_51875_length_839_cov_1.641582	2.6690857	2.6666667	0.7391737	0.7343207	821	839	14	0.01668653	1220495.3891504048	0.6016579059025906
CS1_ita_i	SRR33841015.fna/SRR33841015_1.clean.fastq.gz	CS1_ita_i_NODE_66323_length_709_cov_236.431193	307.53488	316.94455	9855.025	74.23431	709	709	1196	1.686883	1220495.3891504048	60.82309745690641
CD4_ita_i	SRR33841016.fna/SRR33841016_1.clean.fastq.gz	CD4_ita_i_NODE_49_length_95261_cov_18.521721	27.83984	27.690084	58.591064	1.9457445	95261	95261	17679	0.18558487	334106.2788329131	5.823729224116344
CD4_ita_i	SRR33841016.fna/SRR33841016_1.clean.fastq.gz	CD4_ita_i_NODE_146_length_56828_cov_9.791908	13.315254	13.043186	28.081814	0.9302159	56819	56828	5042	0.08872387	334106.2788329131	2.78419161486397
CD4_ita_i	SRR33841016.fna/SRR33841016_1.clean.fastq.gz	CD4_ita_i_NODE_560_length_29530_cov_18.620356	27.898195	27.61754	68.67225	1.9484708	29530	29530	5488	0.1858449	334106.2788329131	5.83188920246073
CD4_ita_i	SRR33841016.fna/SRR33841016_1.clean.fastq.gz	CD4_ita_i_NODE_5153_length_7873_cov_6.086467	10.455005	10.36153	16.06671	0.72310746	7873	7873	543	0.0689699	334106.2788329131	2.164303713554653
CD4_ita_i	SRR33841016.fna/SRR33841016_1.clean.fastq.gz	CD4_ita_i_NODE_7373_length_6089_cov_7.016241	11.013807	10.824014	20.819952	0.75933933	6079	6089	441	0.072425686	334106.2788329131	2.272747859311397
CD4_ita_i	SRR33841016.fna/SRR33841016_1.clean.fastq.gz	CD4_ita_i_NODE_9361_length_5097_cov_15.902816	25.057207	24.902088	34.80608	1.7299145	5097	5097	841	0.16499902	334106.2788329131	5.177737174059911
CD4_ita_i	SRR33841016.fna/SRR33841016_1.clean.fastq.gz	CD4_ita_i_NODE_30159_length_2057_cov_22.130370	35.086	34.92487	53.434353	2.3394926	2057	2057	459	0.2231405	334106.2788329131	7.002240748579235
CD4_ita_i	SRR33841016.fna/SRR33841016_1.clean.fastq.gz	CD4_ita_i_NODE_49008_length_1401_cov_3.442051	5.54996	5.5279503	6.3597016	0.3592083	1401	1401	48	0.03426124	334106.2788329131	1.0751318450367717
CD4_ita_i	SRR33841016.fna/SRR33841016_1.clean.fastq.gz	CD4_ita_i_NODE_57649_length_1234_cov_3.413910	5.9963098	5.9170084	11.14126	0.39082825	1234	1234	46	0.037277147	334106.2788329131	1.169772239435984
CD4_ita_i	SRR33841016.fna/SRR33841016_1.clean.fastq.gz	CD4_ita_i_NODE_58044_length_1228_cov_3.081841	5.0797772	5.079218	3.579516	0.33297336	1228	1228	39	0.031758957	334106.2788329131	0.9966091064290366
CD4_ita_i	SRR33841016.fna/SRR33841016_1.clean.fastq.gz	CD4_ita_i_NODE_104427_length_789_cov_2.276567	4.2394366	4.2270365	0.7654643	0.26576406	789	789	20	0.025348542	334106.2788329131	0.7954476669171157
CD3_ita_i	SRR33841017.fna/SRR33841017_1.clean.fastq.gz	CD3_ita_i_NODE_8306_length_6702_cov_8.848503	14.347985	14.2331295	26.260513	0.8430837	6702	6702	639	0.09534467	452035.52513465064	1.86508283778994
CD3_ita_i	SRR33841017.fna/SRR33841017_1.clean.fastq.gz	CD3_ita_i_NODE_11204_length_5418_cov_22.930449	33.27316	33.470478	80.20885	1.9356194	5418	5418	1186	0.21889997	452035.52513465064	4.282007259105189
CD3_ita_i	SRR33841017.fna/SRR33841017_1.clean.fastq.gz	CD3_ita_i_NODE_21495_length_3413_cov_4.739428	7.687404	7.5383043	14.102133	0.44044015	3413	3413	170	0.049809553	452035.52513465064	0.974348531277057
CD3_ita_i	SRR33841017.fna/SRR33841017_1.clean.fastq.gz	CD3_ita_i_NODE_31679_length_2554_cov_6.922369	11.03203	10.931146	14.512081	0.6335844	2554	2554	183	0.07165231	452035.52513465064	1.4016252368909952
CD3_ita_i	SRR33841017.fna/SRR33841017_1.clean.fastq.gz	CD3_ita_i_NODE_33381_length_2455_cov_56.301250	78.48243	78.39229	185.56229	4.538301	2455	2455	1260	0.5132383	452035.52513465064	10.039699863518797
CD3_ita_i	SRR33841017.fna/SRR33841017_1.clean.fastq.gz	CD3_ita_i_NODE_42506_length_2049_cov_25.731194	40.325962	40.41087	56.248287	2.3001678	2049	2049	533	0.2601269	452035.52513465064	5.088466883913239
CD3_ita_i	SRR33841017.fna/SRR33841017_1.clean.fastq.gz	CD3_ita_i_NODE_44392_length_1984_cov_3.456195	5.247546	5.203995	4.8453975	0.3075259	1984	1984	69	0.034778226	452035.52513465064	0.680313565860549
CD3_ita_i	SRR33841017.fna/SRR33841017_1.clean.fastq.gz	CD3_ita_i_NODE_48379_length_1859_cov_3.260532	5.263897	5.259259	4.751746	0.29490802	1859	1859	62	0.033351265	452035.52513465064	0.6524000960149181
CD3_ita_i	SRR33841017.fna/SRR33841017_1.clean.fastq.gz	CD3_ita_i_NODE_71562_length_1381_cov_14.911765	23.687246	23.727682	22.79234	1.3062031	1381	1381	204	0.14771904	452035.52513465064	2.8896027576835097
CD3_ita_i	SRR33841017.fna/SRR33841017_1.clean.fastq.gz	CD3_ita_i_NODE_83535_length_1230_cov_3.069787	5.549074	5.511317	4.245969	0.29474947	1187	1230	41	0.033333335	452035.52513465064	0.6520493492457283
CD3_ita_i	SRR33841017.fna/SRR33841017_1.clean.fastq.gz	CD3_ita_i_NODE_94782_length_1122_cov_2.149016	3.4475307	3.4497716	2.1980681	0.18914403	1110	1122	24	0.021390375	452035.52513465064	0.4184273568845247
CD3_ita_i	SRR33841017.fna/SRR33841017_1.clean.fastq.gz	CD3_ita_i_NODE_102240_length_1061_cov_5.405567	8.484083	8.509135	8.986285	0.48337796	1061	1061	58	0.05466541	452035.52513465064	1.0693362205459698
CD3_ita_i	SRR33841017.fna/SRR33841017_1.clean.fastq.gz	CD3_ita_i_NODE_108509_length_1016_cov_3.462019	5.408776	5.3653846	7.68242	0.29590988	998	1016	34	0.033464566	452035.52513465064	0.6546164262462678
CD3_ita_i	SRR33841017.fna/SRR33841017_1.clean.fastq.gz	CD3_ita_i_NODE_139338_length_850_cov_7.847799	12.08	11.979365	14.560114	0.6345782	850	850	61	0.07176471	452035.52513465064	1.4038237366653301
CD2_ita_i	SRR33841018.fna/SRR33841018_1.clean.fastq.gz	CD2_ita_i_NODE_1494_length_17254_cov_8.836851	14.468078	14.394375	27.94121	1.3364779	17254	17254	1663	0.096383445	771901.131664245	1.731410727586975
CD2_ita_i	SRR33841018.fna/SRR33841018_1.clean.fastq.gz	CD2_ita_i_NODE_9158_length_5977_cov_9.129855	11.685773	11.304099	44.57358	1.0694907	5977	5977	461	0.07712899	771901.131664245	1.3855280891921247
CD2_ita_i	SRR33841018.fna/SRR33841018_1.clean.fastq.gz	CD2_ita_i_NODE_13791_length_4546_cov_3.450011	5.420837	5.3112683	6.4999895	0.4941342	4546	4546	162	0.035635725	771901.131664245	0.6401521901316946
CD2_ita_i	SRR33841018.fna/SRR33841018_1.clean.fastq.gz	CD2_ita_i_NODE_20992_length_3418_cov_15.097532	21.34027	18.023113	373.93927	2.0324738	3418	3418	501	0.14657694	771901.131664245	2.633075295041889
CD2_ita_i	SRR33841018.fna/SRR33841018_1.clean.fastq.gz	CD2_ita_i_NODE_22727_length_3236_cov_5.733103	9.297796	9.083154	19.933651	0.83985996	3236	3236	196	0.060568605	771901.131664245	1.0880408455798392
CD2_ita_i	SRR33841018.fna/SRR33841018_1.clean.fastq.gz	CD2_ita_i_NODE_25987_length_2937_cov_8.485774	13.005741	12.330012	97.59365	1.1897506	2930	2937	252	0.08580184	771901.131664245	1.5413251143120588
CD2_ita_i	SRR33841018.fna/SRR33841018_1.clean.fastq.gz	CD2_ita_i_NODE_29259_length_2704_cov_17.671952	17.514486	17.471739	34.556194	1.5896969	2704	2704	310	0.11464497	771901.131664245	2.059456625711326
CD2_ita_i	SRR33841018.fna/SRR33841018_1.clean.fastq.gz	CD2_ita_i_NODE_30336_length_2633_cov_6.881691	11.812727	11.641611	25.98788	1.0585333	2633	2633	201	0.076338775	771901.131664245	1.3713327479100417
CD2_ita_i	SRR33841018.fna/SRR33841018_1.clean.fastq.gz	CD2_ita_i_NODE_31104_length_2587_cov_3.579384	5.7271237	5.6769934	7.054819	0.5199177	2587	2587	97	0.03749517	771901.131664245	0.6735547839903276
CD2_ita_i	SRR33841018.fna/SRR33841018_1.clean.fastq.gz	CD2_ita_i_NODE_32169_length_2525_cov_19.585830	30.904842	30.828892	42.85615	2.7787435	2525	2525	506	0.20039605	771901.131664245	3.599869706122771
CD2_ita_i	SRR33841018.fna/SRR33841018_1.clean.fastq.gz	CD2_ita_i_NODE_34117_length_2420_cov_5.782664	9.196476	9.149218	16.73441	0.81936985	2420	2420	143	0.05909091	771901.131664245	1.0614958527569596
CD2_ita_i	SRR33841018.fna/SRR33841018_1.clean.fastq.gz	CD2_ita_i_NODE_42471_length_2077_cov_3.747280	6.120394	6.0512967	7.5202856	0.53408796	2077	2077	80	0.03851709	771901.131664245	0.6919123940762831
CD2_ita_i	SRR33841018.fna/SRR33841018_1.clean.fastq.gz	CD2_ita_i_NODE_43912_length_2027_cov_47.369168	74.36441	73.881134	184.83195	6.6423965	2027	2027	971	0.47903305	771901.131664245	8.605242598464349
CD2_ita_i	SRR33841018.fna/SRR33841018_1.clean.fastq.gz	CD2_ita_i_NODE_45217_length_1985_cov_5.899482	10.52861	10.352692	24.987595	0.91510326	1967	1985	131	0.06599496	771901.131664245	1.1855187438668555
CD2_ita_i	SRR33841018.fna/SRR33841018_1.clean.fastq.gz	CD2_ita_i_NODE_47842_length_1906_cov_27.059968	41.363327	41.627686	264.5517	3.6520786	1890	1906	502	0.2633788	771901.131664245	4.731277685946638
CD2_ita_i	SRR33841018.fna/SRR33841018_1.clean.fastq.gz	CD2_ita_i_NODE_48130_length_1897_cov_85.989685	115.94047	117.18627	553.74115	10.423451	1897	1897	1426	0.7517132	771901.131664245	13.503608911061816
CD2_ita_i	SRR33841018.fna/SRR33841018_1.clean.fastq.gz	CD2_ita_i_NODE_49338_length_1863_cov_3.625000	5.841798	5.7180815	8.91129	0.5135652	1863	1863	69	0.037037037	771901.131664245	0.6653251030902572
CD2_ita_i	SRR33841018.fna/SRR33841018_1.clean.fastq.gz	CD2_ita_i_NODE_55605_length_1714_cov_37.609403	59.592712	59.70952	66.94917	5.3070397	1714	1714	656	0.38273045	771901.131664245	6.875284258954047
CD2_ita_i	SRR33841018.fna/SRR33841018_1.clean.fastq.gz	CD2_ita_i_NODE_57087_length_1683_cov_9.744472	14.54925	14.721216	19.807789	1.2358519	1680	1683	150	0.08912656	771901.131664245	1.6010494729233797
CD2_ita_i	SRR33841018.fna/SRR33841018_1.clean.fastq.gz	CD2_ita_i_NODE_59760_length_1630_cov_4.898413	10.164189	10.215466	13.674844	0.9017322	1630	1630	106	0.06503067	771901.131664245	1.1681964995385288
CD2_ita_i	SRR33841018.fna/SRR33841018_1.clean.fastq.gz	CD2_ita_i_NODE_62091_length_1586_cov_5.749837	8.839833	8.703246	9.742969	0.81309086	1586	1586	93	0.058638085	771901.131664245	1.0533614042603467
CD2_ita_i	SRR33841018.fna/SRR33841018_1.clean.fastq.gz	CD2_ita_i_NODE_62982_length_1570_cov_29.421122	46.061974	46.140846	55.95386	4.089222	1570	1570	463	0.29490447	771901.131664245	5.29759814081824
CD2_ita_i	SRR33841018.fna/SRR33841018_1.clean.fastq.gz	CD2_ita_i_NODE_75423_length_1382_cov_87.926149	125.34497	125.62072	319.0384	11.147187	1382	1382	1111	0.8039074	771901.131664245	14.441210852957667
CD2_ita_i	SRR33841018.fna/SRR33841018_1.clean.fastq.gz	CD2_ita_i_NODE_85138_length_1270_cov_3.226337	5.6419644	5.5833335	4.9271026000000004	0.48040587	1270	1270	44	0.03464567	771901.131664245	0.6223671015538332
CD2_ita_i	SRR33841018.fna/SRR33841018_1.clean.fastq.gz	CD2_ita_i_NODE_88164_length_1238_cov_9.117498	15.0845585	15.063265	64.5577	1.2544596	1218	1238	112	0.090468496	771901.131664245	1.62515579850925
CD2_ita_i	SRR33841018.fna/SRR33841018_1.clean.fastq.gz	CD2_ita_i_NODE_98033_length_1150_cov_30.780822	48.894	48.87	134.94173	4.2081084	1150	1150	349	0.30347827	771901.131664245	5.451615792980087
CD2_ita_i	SRR33841018.fna/SRR33841018_1.clean.fastq.gz	CD2_ita_i_NODE_106302_length_1089_cov_2.967118	5.0979767	5.107438	2.9712007	0.42018968	1068	1089	33	0.030303031	771901.131664245	0.544356864841041
CD2_ita_i	SRR33841018.fna/SRR33841018_1.clean.fastq.gz	CD2_ita_i_NODE_137125_length_915_cov_3.097674	5.0522876	5.103048	2.696215	0.43947706	915	915	29	0.031693988	771901.131664245	0.5693437177018674
CD2_ita_i	SRR33841018.fna/SRR33841018_1.clean.fastq.gz	CD2_ita_i_NODE_142076_length_894_cov_1.783075	3.4784946	3.535821	1.2027669	0.29469678	894	894	19	0.021252796	771901.131664245	0.38178047409339033
CD2_ita_i	SRR33841018.fna/SRR33841018_1.clean.fastq.gz	CD2_ita_i_NODE_149800_length_861_cov_26.341191	41.174404	40.912636	145.58926	3.5591676	861	861	221	0.25667828	771901.131664245	4.6109112346115015
CD2_ita_i	SRR33841018.fna/SRR33841018_1.clean.fastq.gz	CD2_ita_i_NODE_150300_length_859_cov_31.736318	54.715089999999996	54.935837	718.2011	4.3261437	859	859	268	0.31199068	771901.131664245	5.6045308427941904
CD2_ita_i	SRR33841018.fna/SRR33841018_1.clean.fastq.gz	CD2_ita_i_NODE_157337_length_833_cov_3.420308	4.610542	4.4682927	6.874493	0.39950806	831	833	24	0.028811524	771901.131664245	0.517563770296135
CD2_ita_i	SRR33841018.fna/SRR33841018_1.clean.fastq.gz	CD2_ita_i_NODE_169685_length_791_cov_2.419837	4.0093603	4.0051994	1.4811623	0.3330707	791	791	19	0.024020227	771901.131664245	0.4314939910528286
CD1_ita_i	SRR33841019.fna/SRR33841019_1.clean.fastq.gz	CD1_ita_i_NODE_9958_length_4678_cov_11.191218	17.562057	17.436703	32.906685	1.9353068	4678	4678	553	0.11821291	630613.1200127002	3.068928854447278
CD1_ita_i	SRR33841019.fna/SRR33841019_1.clean.fastq.gz	CD1_ita_i_NODE_10201_length_4612_cov_4.619048	8.393097	8.338645	9.841407	0.89453256	4612	4612	252	0.05464007	630613.1200127002	1.4185124470324764
CD1_ita_i	SRR33841019.fna/SRR33841019_1.clean.fastq.gz	CD1_ita_i_NODE_13561_length_3845_cov_8.326121	14.250879	13.879771	27.4966	1.5243042	3845	3845	358	0.09310793	630613.1200127002	2.4171780631035737
CD1_ita_i	SRR33841019.fna/SRR33841019_1.clean.fastq.gz	CD1_ita_i_NODE_14412_length_3696_cov_5.187037	10.655668	10.155389	37.582104	1.1250885	3679	3696	254	0.06872294	630613.1200127002	1.784118446468956
CD1_ita_i	SRR33841019.fna/SRR33841019_1.clean.fastq.gz	CD1_ita_i_NODE_19366_length_3036_cov_3.713854	5.796604	5.7705927	8.036604	0.60934263	3018	3036	113	0.037220027	630613.1200127002	0.966270143551292
CD1_ita_i	SRR33841019.fna/SRR33841019_1.clean.fastq.gz	CD1_ita_i_NODE_19868_length_2986_cov_4.273968	7.35543	7.240799	14.085971	0.7730618	2986	2986	141	0.04722036	630613.1200127002	1.22588917906502
CD1_ita_i	SRR33841019.fna/SRR33841019_1.clean.fastq.gz	CD1_ita_i_NODE_23681_length_2646_cov_2.920494	4.973157	4.94395	3.937957	0.5259132	2646	2646	85	0.03212396	630613.1200127002	0.8339712310289522
CD1_ita_i	SRR33841019.fna/SRR33841019_1.clean.fastq.gz	CD1_ita_i_NODE_29227_length_2294_cov_11.006253	16.976679	16.939896	46.29904	1.7698776	2294	2294	248	0.10810811	630613.1200127002	2.806598124638377
CD1_ita_i	SRR33841019.fna/SRR33841019_1.clean.fastq.gz	CD1_ita_i_NODE_31919_length_2157_cov_75.102759	106.07673	105.79247	283.15167	11.278559	2157	2157	1486	0.6889198	630613.1200127002	17.885068740359948
CD1_ita_i	SRR33841019.fna/SRR33841019_1.clean.fastq.gz	CD1_ita_i_NODE_34505_length_2044_cov_28.356461	44.923443	45.167645	72.63702	4.6775336	2044	2044	584	0.2857143	630613.1200127002	7.417437810215235
CD1_ita_i	SRR33841019.fna/SRR33841019_1.clean.fastq.gz	CD1_ita_i_NODE_35412_length_2007_cov_4.213115	6.66559	6.6395698	7.475933	0.6933564	1961	2007	85	0.042351767	630613.1200127002	1.0994956780887084
CD1_ita_i	SRR33841019.fna/SRR33841019_1.clean.fastq.gz	CD1_ita_i_NODE_36737_length_1958_cov_3.203889	4.977323	4.858108	8.571151	0.5183987	1958	1958	62	0.031664964	630613.1200127002	0.8220550501543002
CD1_ita_i	SRR33841019.fna/SRR33841019_1.clean.fastq.gz	CD1_ita_i_NODE_45075_length_1705_cov_19.589697	30.847588	30.955746	43.848698	3.1782537	1705	1705	331	0.19413489	630613.1200127002	5.039942238968945
CD1_ita_i	SRR33841019.fna/SRR33841019_1.clean.fastq.gz	CD1_ita_i_NODE_93397_length_1035_cov_4.040816	6.718644	6.688833	8.847221	0.64852756	1035	1035	41	0.039613526	630613.1200127002	1.0284079722079664
CD1_ita_i	SRR33841019.fna/SRR33841019_1.clean.fastq.gz	CD1_ita_i_NODE_122064_length_862_cov_10.776952	14.793539	14.579439	21.022015	1.5003921	862	862	79	0.091647334	630613.1200127002	2.379259251646688
CD1_ita_i	SRR33841019.fna/SRR33841019_1.clean.fastq.gz	CD1_ita_i_NODE_122070_length_862_cov_6.370508	10.224719	10.2616825	4.6357875	1.0445768	862	862	55	0.0638051	630613.1200127002	1.6564463485614804
CD1_ita_i	SRR33841019.fna/SRR33841019_1.clean.fastq.gz	CD1_ita_i_NODE_124500_length_850_cov_17.577358	26.654285	26.612698	74.04627	2.7542415	850	850	143	0.16823529	630613.1200127002	4.367561366221703
CAR4_ita_i	SRR33841020.fna/SRR33841020_1.clean.fastq.gz	CAR4_ita_i_NODE_4_length_249475_cov_20.967481	32.684284	32.53579	69.941185	54.324783	249475	249475	54403	0.21806994	978649.9310824799	55.50992369652713
CAR4_ita_i	SRR33841020.fna/SRR33841020_1.clean.fastq.gz	CAR4_ita_i_NODE_875_length_5532_cov_6.199014	9.774991	9.687036	13.216229	16.12141	5532	5532	358	0.06471439	978649.9310824799	16.473112078154635
CAR4_ita_i	SRR33841020.fna/SRR33841020_1.clean.fastq.gz	CAR4_ita_i_NODE_1044_length_4816_cov_7.742491	12.085941	12.011429	19.556377	19.811369	4816	4816	383	0.07952658	978649.9310824799	20.243570628045454
CAR4_ita_i	SRR33841020.fna/SRR33841020_1.clean.fastq.gz	CAR4_ita_i_NODE_2836_length_2183_cov_4.867011	8.434825	8.242491	16.893509	13.351631	2183	2183	117	0.053595968	978649.9310824799	13.64290802660337
CAR4_ita_i	SRR33841020.fna/SRR33841020_1.clean.fastq.gz	CAR4_ita_i_NODE_3370_length_1964_cov_3.984285	7.060088	7.0563035	5.2114997	11.162036	1964	1964	88	0.044806518	978649.9310824799	11.405545175539661
CAR4_ita_i	SRR33841020.fna/SRR33841020_1.clean.fastq.gz	CAR4_ita_i_NODE_4007_length_1742_cov_2.601067	4.306533	4.3096232	3.6507933	6.7212787	1742	1742	47	0.026980482	978649.9310824799	6.867909031133969
CAR4_ita_i	SRR33841020.fna/SRR33841020_1.clean.fastq.gz	CAR4_ita_i_NODE_4193_length_1692_cov_4.001833	6.6971464	6.6332855	4.9549427	10.600694	1692	1692	72	0.04255319	978649.9310824799	10.83195702908253
CAR4_ita_i	SRR33841020.fna/SRR33841020_1.clean.fastq.gz	CAR4_ita_i_NODE_4596_length_1594_cov_3.195582	5.8067865	5.6423078	7.6099057	9.064458	1594	1594	58	0.03638645	978649.9310824799	9.26220675249407
CAR4_ita_i	SRR33841020.fna/SRR33841020_1.clean.fastq.gz	CAR4_ita_i_NODE_4813_length_1542_cov_4.033625	6.2413793	6.194577	5.579365	10.016351	1542	1542	62	0.040207524	978649.9310824799	10.234866096522342
CAR4_ita_i	SRR33841020.fna/SRR33841020_1.clean.fastq.gz	CAR4_ita_i_NODE_10681_length_927_cov_4.267202	8.601029	8.686163	10.381856	12.899227	927	927	48	0.051779937	978649.9310824799	13.180634453968874
CAR4_ita_i	SRR33841020.fna/SRR33841020_1.clean.fastq.gz	CAR4_ita_i_NODE_17892_length_681_cov_2.736422	4.322034	4.317328	4.6111927	6.584572	681	681	18	0.026431719	978649.9310824799	6.728219959834704
CAR3_ita_i	SRR33841021.fna/SRR33841021_1.clean.fastq.gz	CAR3_ita_i_NODE_1_length_524825_cov_12.393203	19.452303	19.284273	34.93174	42.319275	524825	524825	68107	0.12977087	1176653.3003198	35.96579807195385
CAR3_ita_i	SRR33841021.fna/SRR33841021_1.clean.fastq.gz	CAR3_ita_i_NODE_170_length_18204_cov_9.407681	14.746815	14.6224	25.141293	31.940779	18204	18204	1783	0.097945504	1176653.3003198	27.14544631908047
CAR3_ita_i	SRR33841021.fna/SRR33841021_1.clean.fastq.gz	CAR3_ita_i_NODE_319_length_10620_cov_4.570279	7.2531996	7.120437	9.511486	15.62983	10620	10620	509	0.047928438	1176653.3003198	13.283292534642111
CAR3_ita_i	SRR33841021.fna/SRR33841021_1.clean.fastq.gz	CAR3_ita_i_NODE_745_length_5467_cov_4.090724	6.2764716	6.206601	7.667719	13.659897	5467	5467	229	0.04188769	1176653.3003198	11.609109494094316
CAR3_ita_i	SRR33841021.fna/SRR33841021_1.clean.fastq.gz	CAR3_ita_i_NODE_833_length_4972_cov_3.946919	7.336997	7.235023	11.226586	15.610141	4972	4972	238	0.04786806	1176653.3003198	13.266559483373188
CAR3_ita_i	SRR33841021.fna/SRR33841021_1.clean.fastq.gz	CAR3_ita_i_NODE_938_length_4586_cov_4.219819	6.717313	6.5963945	8.95006	14.292987	4564	4586	201	0.043829046	1176653.3003198	12.147152433189403
CAR3_ita_i	SRR33841021.fna/SRR33841021_1.clean.fastq.gz	CAR3_ita_i_NODE_1056_length_4224_cov_5.967378	9.506137	9.444656	14.123335	20.227322	4221	4224	262	0.062026516	1176653.3003198	17.190553916351114
CAR3_ita_i	SRR33841021.fna/SRR33841021_1.clean.fastq.gz	CAR3_ita_i_NODE_1298_length_3599_cov_4.863431	7.691505	7.577778	8.959329	16.491135	3599	3599	182	0.0505696	1176653.3003198	14.015288101871564
CAR3_ita_i	SRR33841021.fna/SRR33841021_1.clean.fastq.gz	CAR3_ita_i_NODE_1883_length_2796_cov_6.317038	10.564626	10.562552	14.741192	22.160393	2796	2796	190	0.06795422	1176653.3003198	18.83340912227678
CAR3_ita_i	SRR33841021.fna/SRR33841021_1.clean.fastq.gz	CAR3_ita_i_NODE_2222_length_2516_cov_2.529053	4.2121725	4.0713615	5.2344565	8.81372	2516	2516	68	0.027027028	1176653.3003198	7.490498686065419
CAR3_ita_i	SRR33841021.fna/SRR33841021_1.clean.fastq.gz	CAR3_ita_i_NODE_3198_length_1997_cov_4.420700	8.282079	8.224895	13.291458	17.146372	1997	1997	105	0.052578866	1176653.3003198	14.572153067806656
CAR3_ita_i	SRR33841021.fna/SRR33841021_1.clean.fastq.gz	CAR3_ita_i_NODE_4850_length_1566_cov_2.843812	4.6073446	4.518809	3.6973028	9.37091	1566	1566	45	0.028735632	1176653.3003198	7.964036643124277
CAR3_ita_i	SRR33841021.fna/SRR33841021_1.clean.fastq.gz	CAR3_ita_i_NODE_27288_length_558_cov_16.986083	26.164215	26.470108	15.710073	50.844738	558	558	87	0.15591398	1176653.3003198	43.21131635476739
CAR3_ita_i	SRR33841021.fna/SRR33841021_1.clean.fastq.gz	CAR3_ita_i_NODE_27374_length_558_cov_1.310139	2.0759804	2.0951087	0.7927386	4.090956	536	558	7	0.012544803	1176653.3003198	3.4767726388802283
DS4_ita_i	SRR33841022.fna/SRR33841022_1.clean.fastq.gz	DS4_ita_i_NODE_6_length_283326_cov_41.476879	59.06599	59.27413	267.58905	5.344906	283323	283326	111652	0.39407608	796514.9433501008	6.710365002719976
DS4_ita_i	SRR33841022.fna/SRR33841022_1.clean.fastq.gz	DS4_ita_i_NODE_269_length_45616_cov_8.423783	13.28793	13.0663	22.691158	1.200927	45616	45616	4039	0.0885435	796514.9433501008	1.5077268920391662
DS4_ita_i	SRR33841022.fna/SRR33841022_1.clean.fastq.gz	DS4_ita_i_NODE_339_length_40519_cov_19.084396	29.812159	29.54284	75.92603	2.6949522	40519	40519	8051	0.19869691	796514.9433501008	3.3834295545858435
DS4_ita_i	SRR33841022.fna/SRR33841022_1.clean.fastq.gz	DS4_ita_i_NODE_714_length_28429_cov_8.390710	13.23887	13.052253	21.242079	1.1927196	28429	28429	2500	0.087938376	796514.9433501008	1.497422753907771
DS4_ita_i	SRR33841022.fna/SRR33841022_1.clean.fastq.gz	DS4_ita_i_NODE_1401_length_20771_cov_6.246042	10.033461	9.755105	18.926424	0.9050359	20771	20771	1386	0.066727646	796514.9433501008	1.1362447215283442
DS4_ita_i	SRR33841022.fna/SRR33841022_1.clean.fastq.gz	DS4_ita_i_NODE_5411_length_9355_cov_7.473656	11.866594	11.70863	25.06868	1.064173	9355	9355	734	0.078460716	796514.9433501008	1.336036453408072
DS4_ita_i	SRR33841022.fna/SRR33841022_1.clean.fastq.gz	DS4_ita_i_NODE_7268_length_7709_cov_11.743533	18.227015	18.081264	31.821978	1.64151	7709	7709	933	0.12102737	796514.9433501008	2.060865290355877
DS4_ita_i	SRR33841022.fna/SRR33841022_1.clean.fastq.gz	DS4_ita_i_NODE_9408_length_6398_cov_11.353145	17.56082	17.342995	45.60635	1.5793267	6398	6398	745	0.116442636	796514.9433501008	1.9827960707898753
DS4_ita_i	SRR33841022.fna/SRR33841022_1.clean.fastq.gz	DS4_ita_i_NODE_14335_length_4778_cov_10.450561	16.453976	16.302689	29.703735000000002	1.4590727	4751	4778	514	0.10757639	796514.9433501008	1.8318208743996884
DS4_ita_i	SRR33841022.fna/SRR33841022_1.clean.fastq.gz	DS4_ita_i_NODE_16792_length_4283_cov_6.731079	10.62255	10.561408	23.089348	0.9405207	4283	4283	297	0.06934392	796514.9433501008	1.180794795944717
DS4_ita_i	SRR33841022.fna/SRR33841022_1.clean.fastq.gz	DS4_ita_i_NODE_19244_length_3907_cov_3.887591	6.256854	6.176175	10.863989	0.55196774	3855	3907	159	0.040696185	796514.9433501008	0.6929785117131039
DS4_ita_i	SRR33841022.fna/SRR33841022_1.clean.fastq.gz	DS4_ita_i_NODE_22898_length_3461_cov_48.386964	72.22471	72.85072	1415.5157	6.274075	3455	3461	1601	0.46258307	796514.9433501008	7.876908088643715
DS4_ita_i	SRR33841022.fna/SRR33841022_1.clean.fastq.gz	DS4_ita_i_NODE_25890_length_3177_cov_5.672966	8.625041	8.440367	14.928428	0.75991106	3166	3177	178	0.0560277	796514.9433501008	0.954044950875439
DS4_ita_i	SRR33841022.fna/SRR33841022_1.clean.fastq.gz	DS4_ita_i_NODE_27017_length_3086_cov_13.363246	20.865122	20.773449	32.497646	1.8415269	3086	3086	419	0.13577446	796514.9433501008	2.311980353130141
DS4_ita_i	SRR33841022.fna/SRR33841022_1.clean.fastq.gz	DS4_ita_i_NODE_27593_length_3044_cov_2.853128	4.893573	4.8173447	4.8355403	0.436658	3039	3044	98	0.03219448	796514.9433501008	0.5482106816018278
DS4_ita_i	SRR33841022.fna/SRR33841022_1.clean.fastq.gz	DS4_ita_i_NODE_31763_length_2760_cov_8.595933	14.421456	14.189362	16.953777	1.2826004	2760	2760	261	0.09456522	796514.9433501008	1.6102653323808953
DS4_ita_i	SRR33841022.fna/SRR33841022_1.clean.fastq.gz	DS4_ita_i_NODE_34080_length_2630_cov_5.293981	8.362097	8.121863	10.483598	0.73230594	2630	2630	142	0.053992394	796514.9433501008	0.9193875722154804
DS4_ita_i	SRR33841022.fna/SRR33841022_1.clean.fastq.gz	DS4_ita_i_NODE_34124_length_2628_cov_5.083171	9.230428	8.464605	41.61382	0.8412444	2628	2628	163	0.062024355	796514.9433501008	1.056156456351929
DS4_ita_i	SRR33841022.fna/SRR33841022_1.clean.fastq.gz	DS4_ita_i_NODE_35691_length_2549_cov_22.741780	35.626926	35.458122	49.70019	3.1340463	2549	2549	589	0.23107101	796514.9433501008	3.9346986847708885
DS4_ita_i	SRR33841022.fna/SRR33841022_1.clean.fastq.gz	DS4_ita_i_NODE_36792_length_2493_cov_15.010254	23.54204	23.481745	45.650566	2.0565038	2493	2493	378	0.15162455	796514.9433501008	2.581877235536161
DS4_ita_i	SRR33841022.fna/SRR33841022_1.clean.fastq.gz	DS4_ita_i_NODE_37079_length_2479_cov_3.498350	6.011593	5.828326	15.947031	0.519765	2427	2479	95	0.038321905	796514.9433501008	0.652548962626985
DS4_ita_i	SRR33841022.fna/SRR33841022_1.clean.fastq.gz	DS4_ita_i_NODE_37312_length_2469_cov_8.840099	13.988357	14.096697	41.1116	1.2140349	2462	2469	221	0.08950993	796514.9433501008	1.524183457116111
DS4_ita_i	SRR33841022.fna/SRR33841022_1.clean.fastq.gz	DS4_ita_i_NODE_38126_length_2434_cov_5.604456	9.268389	9.19358	16.413696	0.81913733	2400	2434	147	0.060394414	796514.9433501008	1.0284017102739473
DS4_ita_i	SRR33841022.fna/SRR33841022_1.clean.fastq.gz	DS4_ita_i_NODE_38362_length_2424_cov_62.130013	98.16711	97.99512	310.86957	8.600055	2424	2424	1537	0.6340759	796514.9433501008	10.797104400613767
DS4_ita_i	SRR33841022.fna/SRR33841022_1.clean.fastq.gz	DS4_ita_i_NODE_39817_length_2364_cov_7.502815	12.696929	12.660983	50.28904	1.1073115	2364	2364	193	0.08164129	796514.9433501008	1.3901955126450045
DS4_ita_i	SRR33841022.fna/SRR33841022_1.clean.fastq.gz	DS4_ita_i_NODE_42408_length_2261_cov_6.300091	10.02037	9.841136	19.934656	0.8638172	2252	2261	144	0.063688636	796514.9433501008	1.0844959121128717
DS4_ita_i	SRR33841022.fna/SRR33841022_1.clean.fastq.gz	DS4_ita_i_NODE_42989_length_2240_cov_14.361556	22.921532	22.665781	49.681725	1.9920847	2232	2240	329	0.146875	796514.9433501008	2.5010010378730554
DS4_ita_i	SRR33841022.fna/SRR33841022_1.clean.fastq.gz	DS4_ita_i_NODE_49543_length_2029_cov_35.166160	55.398083	55.171883	97.11941	4.8530474	2029	2029	726	0.35781172	796514.9433501008	6.092851666521576
DS4_ita_i	SRR33841022.fna/SRR33841022_1.clean.fastq.gz	DS4_ita_i_NODE_51974_length_1963_cov_19.121069	28.96139	28.958359	188.57574	2.4666517	1963	1963	357	0.1818645	796514.9433501008	3.0968053023906745
DS4_ita_i	SRR33841022.fna/SRR33841022_1.clean.fastq.gz	DS4_ita_i_NODE_54730_length_1894_cov_3.161501	5.126147	5.0917196	7.34036	0.44398847	1894	1894	62	0.032734953	796514.9433501008	0.5574138611042342
DS4_ita_i	SRR33841022.fna/SRR33841022_1.clean.fastq.gz	DS4_ita_i_NODE_56911_length_1844_cov_4.559530	7.273318	7.3237224	6.184556	0.6251986	1756	1844	85	0.046095446	796514.9433501008	0.7849176028894662
DS4_ita_i	SRR33841022.fna/SRR33841022_1.clean.fastq.gz	DS4_ita_i_NODE_57815_length_1825_cov_4.527684	7.6220894	7.6023855	8.482548	0.6540031	1825	1825	88	0.048219178	796514.9433501008	0.8210807662305701
DS4_ita_i	SRR33841022.fna/SRR33841022_1.clean.fastq.gz	DS4_ita_i_NODE_59804_length_1784_cov_4.493349	8.22399	8.293478	11.300688	0.6918413	1719	1784	91	0.05100897	796514.9433501008	0.8685854619251098
DS4_ita_i	SRR33841022.fna/SRR33841022_1.clean.fastq.gz	DS4_ita_i_NODE_68701_length_1619_cov_3.182225	5.357386	5.2010584	7.044532	0.4523836	1619	1619	54	0.03335392	796514.9433501008	0.567953688473562
DS4_ita_i	SRR33841022.fna/SRR33841022_1.clean.fastq.gz	DS4_ita_i_NODE_70172_length_1594_cov_141.346329	222.14336	222.39539	582.8451	19.255564	1594	1594	2263	1.4196988	796514.9433501008	24.174768045169486
DS4_ita_i	SRR33841022.fna/SRR33841022_1.clean.fastq.gz	DS4_ita_i_NODE_71866_length_1569_cov_37.352048	59.888653	60.204067	166.6956	5.0829325	1569	1569	588	0.374761	796514.9433501008	6.381465335253408
DS4_ita_i	SRR33841022.fna/SRR33841022_1.clean.fastq.gz	DS4_ita_i_NODE_91542_length_1325_cov_28.092126	42.33447	42.463646	108.15636	3.6646044	1325	1325	358	0.2701887	796514.9433501008	4.600798052308803
DS4_ita_i	SRR33841022.fna/SRR33841022_1.clean.fastq.gz	DS4_ita_i_NODE_97020_length_1272_cov_3.847987	6.280749	6.19802	4.62673	0.533142	1272	1272	50	0.039308175	796514.9433501008	0.6693433744728406
DS4_ita_i	SRR33841022.fna/SRR33841022_1.clean.fastq.gz	DS4_ita_i_NODE_99070_length_1253_cov_33.810518	54.18767	54.169186	60.629906	4.5787745	1253	1253	423	0.33758977	796514.9433501008	5.748510480847867
DS4_ita_i	SRR33841022.fna/SRR33841022_1.clean.fastq.gz	DS4_ita_i_NODE_103840_length_1213_cov_34.072539	50.11383	50.320793	48.116024	4.2936873	1213	1213	384	0.3165705	796514.9433501008	5.390592274315624
DS4_ita_i	SRR33841022.fna/SRR33841022_1.clean.fastq.gz	DS4_ita_i_NODE_107166_length_1187_cov_3.193463	5.376085	5.3764706	2.5707781	0.47990862	1187	1187	42	0.035383318	796514.9433501008	0.6025105040484603
DS4_ita_i	SRR33841022.fna/SRR33841022_1.clean.fastq.gz	DS4_ita_i_NODE_107224_length_1186_cov_23.636605	24.44112	22.748394	333.67673	2.344386	1186	1186	205	0.17284991	796514.9433501008	2.943304478557092
DS4_ita_i	SRR33841022.fna/SRR33841022_1.clean.fastq.gz	DS4_ita_i_NODE_108076_length_1180_cov_4.353778	7.198058	7.1648707	7.6827965	0.5976973	1180	1180	52	0.044067796	796514.9433501008	0.7503905670446256
DS4_ita_i	SRR33841022.fna/SRR33841022_1.clean.fastq.gz	DS4_ita_i_NODE_110512_length_1162_cov_8.728997	14.459486	14.557017	36.715458	1.167223	1091	1162	100	0.08605852	796514.9433501008	1.4654125572217391
DS4_ita_i	SRR33841022.fna/SRR33841022_1.clean.fastq.gz	DS4_ita_i_NODE_113318_length_1142_cov_2.797608	4.715726	4.635347	7.685	0.39192936	1142	1142	33	0.028896673	796514.9433501008	0.4920552505287162
DS4_ita_i	SRR33841022.fna/SRR33841022_1.clean.fastq.gz	DS4_ita_i_NODE_120468_length_1094_cov_14.234841	14.119703	14.122353	20.987776	1.1529902	1094	1094	93	0.08500914	796514.9433501008	1.4475437148116554
DS4_ita_i	SRR33841022.fna/SRR33841022_1.clean.fastq.gz	DS4_ita_i_NODE_125214_length_1065_cov_4.114851	7.731148	7.659394	12.857616	0.64950204	1065	1065	51	0.047887325	796514.9433501008	0.8154298239129424
DS4_ita_i	SRR33841022.fna/SRR33841022_1.clean.fastq.gz	DS4_ita_i_NODE_128343_length_1047_cov_2.758065	4.458194	4.5105066	3.1614761	0.38862842	1047	1047	30	0.028653296	796514.9433501008	0.48791102193946145
DS4_ita_i	SRR33841022.fna/SRR33841022_1.clean.fastq.gz	DS4_ita_i_NODE_152548_length_929_cov_6.207094	10.309371	10.328591	5.2062254	0.8467832	929	929	58	0.062432725	796514.9433501008	1.0631102493048952
DS4_ita_i	SRR33841022.fna/SRR33841022_1.clean.fastq.gz	DS4_ita_i_NODE_153962_length_923_cov_12.258065	6.958603	6.860832	9.21072	0.60247934	923	923	41	0.04442037	796514.9433501008	0.7563942711055778
DS4_ita_i	SRR33841022.fna/SRR33841022_1.clean.fastq.gz	DS4_ita_i_NODE_165062_length_879_cov_8.044903	12.617284	12.558599	12.492064	1.0801128	879	879	70	0.07963595	796514.9433501008	1.3560483817881699
DS4_ita_i	SRR33841022.fna/SRR33841022_1.clean.fastq.gz	DS4_ita_i_NODE_173057_length_850_cov_74.430189	116.63143	117.10953	222.46191	9.797367	850	850	614	0.7223529	796514.9433501008	12.300292771398336
DS4_ita_i	SRR33841022.fna/SRR33841022_1.clean.fastq.gz	DS4_ita_i_NODE_173060_length_850_cov_43.994969	66.43714	67.2873	221.89163	5.552905	850	850	348	0.40941176	796514.9433501008	6.971501346408854
DS4_ita_i	SRR33841022.fna/SRR33841022_1.clean.fastq.gz	DS4_ita_i_NODE_173352_length_849_cov_23.385390	35.86695	36.068146	25.321812	2.9874034	849	849	187	0.22025913	796514.9433501008	3.750593036503666
DS4_ita_i	SRR33841022.fna/SRR33841022_1.clean.fastq.gz	DS4_ita_i_NODE_173631_length_848_cov_45.853720	67.726364	68.05397	54.566357000000004	5.805916	848	848	363	0.42806605	796514.9433501008	7.289148870930929
DS4_ita_i	SRR33841022.fna/SRR33841022_1.clean.fastq.gz	DS4_ita_i_NODE_190818_length_794_cov_3.036536	4.6413045	4.510345	8.049987	0.42705074	794	794	25	0.031486146	796514.9433501008	0.5361490623187138
DS3_ita_i	SRR33841023.fna/SRR33841023_1.clean.fastq.gz	DS3_ita_i_NODE_1_length_771276_cov_53.529864	83.894585	83.68887	236.69489	7.924227	771276	771276	431755	0.5597931	822701.4412394845	9.631959545447417
DS3_ita_i	SRR33841023.fna/SRR33841023_1.clean.fastq.gz	DS3_ita_i_NODE_14_length_110469_cov_18.564584	28.441057	28.359676	50.54334	2.6849434	110469	110469	20953	0.18967313	822701.4412394845	3.26356958358412
DS3_ita_i	SRR33841023.fna/SRR33841023_1.clean.fastq.gz	DS3_ita_i_NODE_202_length_44353_cov_11.741749	18.538357	18.368021	34.48948	1.7493074	44353	44353	5481	0.12357676	822701.4412394845	2.126296749115315
DS3_ita_i	SRR33841023.fna/SRR33841023_1.clean.fastq.gz	DS3_ita_i_NODE_815_length_24863_cov_16.872662	26.506332	26.173403	63.124756	2.4943023	24863	24863	4381	0.1762056	822701.4412394845	3.0318438439126556
DS3_ita_i	SRR33841023.fna/SRR33841023_1.clean.fastq.gz	DS3_ita_i_NODE_2680_length_14467_cov_21.340827	34.46546	34.63172	125.46675	3.2407176	14448	14467	3312	0.22893482	822701.4412394845	3.939117445956488
DS3_ita_i	SRR33841023.fna/SRR33841023_1.clean.fastq.gz	DS3_ita_i_NODE_6452_length_8569_cov_6.679587	10.7704	10.608788	21.907482	1.006043	8569	8569	609	0.071070135	822701.4412394845	1.222853090526124
DS3_ita_i	SRR33841023.fna/SRR33841023_1.clean.fastq.gz	DS3_ita_i_NODE_9416_length_6712_cov_8.230735	13.061872	12.69404	29.329199	1.2168952	6712	6712	577	0.08596543	822701.4412394845	1.4791455794299107
DS3_ita_i	SRR33841023.fna/SRR33841023_1.clean.fastq.gz	DS3_ita_i_NODE_10679_length_6194_cov_4.547320	7.0967903	6.945037	9.27294	0.658189	6183	6194	288	0.04649661	822701.4412394845	0.8000338482552923
DS3_ita_i	SRR33841023.fna/SRR33841023_1.clean.fastq.gz	DS3_ita_i_NODE_11434_length_5926_cov_8.583887	13.086911	13.003077	37.336506	1.2230315	5892	5926	512	0.08639892	822701.4412394845	1.4866042998020974
DS3_ita_i	SRR33841023.fna/SRR33841023_1.clean.fastq.gz	DS3_ita_i_NODE_13708_length_5264_cov_26.545210	38.466564	38.50782	78.10576	3.6034482	5264	5264	1340	0.25455928	822701.4412394845	4.380019311223077
DS3_ita_i	SRR33841023.fna/SRR33841023_1.clean.fastq.gz	DS3_ita_i_NODE_14681_length_5018_cov_8.455571	14.07272	14.117298	34.62631	1.3004678	5018	5018	461	0.09186927	822701.4412394845	1.5807287246764894
DS3_ita_i	SRR33841023.fna/SRR33841023_1.clean.fastq.gz	DS3_ita_i_NODE_21696_length_3838_cov_6.021940	9.494035	9.403012	13.290989	0.8851882	3838	3838	240	0.06253257	822701.4412394845	1.075953141234775
DS3_ita_i	SRR33841023.fna/SRR33841023_1.clean.fastq.gz	DS3_ita_i_NODE_21790_length_3827_cov_3.881495	6.6633124	6.589852	9.003041	0.614015	3818	3827	166	0.043376014	822701.4412394845	0.7463400077127896
DS3_ita_i	SRR33841023.fna/SRR33841023_1.clean.fastq.gz	DS3_ita_i_NODE_23502_length_3627_cov_7.689250	12.843543	12.550942	79.06699	1.1747576	3614	3627	301	0.082988694	822701.4412394845	1.427926998924551
DS3_ita_i	SRR33841023.fna/SRR33841023_1.clean.fastq.gz	DS3_ita_i_NODE_23503_length_3627_cov_6.339866	10.234973	10.058767	17.063587	0.9483924	3627	3627	243	0.06699752	822701.4412394845	1.152778337875705
DS3_ita_i	SRR33841023.fna/SRR33841023_1.clean.fastq.gz	DS3_ita_i_NODE_24056_length_3567_cov_3.491458	5.666374	5.6243095	6.780932	0.5238418	3564	3567	132	0.037005886	822701.4412394845	0.6367337818331501
DS3_ita_i	SRR33841023.fna/SRR33841023_1.clean.fastq.gz	DS3_ita_i_NODE_28270_length_3183_cov_4.331841	7.5947905	7.4547787	11.934364	0.69822013	3153	3183	157	0.049324535	822701.4412394845	0.8486919980935727
DS3_ita_i	SRR33841023.fna/SRR33841023_1.clean.fastq.gz	DS3_ita_i_NODE_28792_length_3141_cov_5.690538	9.257105	9.0932045	18.38772	0.8562785	3141	3141	190	0.06049029	822701.4412394845	1.0408131760531842
DS3_ita_i	SRR33841023.fna/SRR33841023_1.clean.fastq.gz	DS3_ita_i_NODE_29190_length_3112_cov_4.214262	7.583052	7.432108	16.85379	0.70050377	3112	3112	154	0.049485862	822701.4412394845	0.8514677802735083
DS3_ita_i	SRR33841023.fna/SRR33841023_1.clean.fastq.gz	DS3_ita_i_NODE_29651_length_3077_cov_19.149901	30.015032	29.740797	38.01617	2.7694807	3077	3077	602	0.19564511	822701.4412394845	3.366325329183199
DS3_ita_i	SRR33841023.fna/SRR33841023_1.clean.fastq.gz	DS3_ita_i_NODE_30456_length_3024_cov_6.616706	10.362561	10.292891	33.748074	0.9596247	3024	3024	205	0.06779101	822701.4412394845	1.166431285879634
DS3_ita_i	SRR33841023.fna/SRR33841023_1.clean.fastq.gz	DS3_ita_i_NODE_31459_length_2957_cov_4.702619	7.58746	7.403245	9.613785	0.6893511	2957	2957	144	0.048698004	822701.4412394845	0.8379116231538644
DS3_ita_i	SRR33841023.fna/SRR33841023_1.clean.fastq.gz	DS3_ita_i_NODE_32435_length_2889_cov_6.562809	11.122672	10.290231	108.02074	1.0240664	2882	2889	209	0.07234337	822701.4412394845	1.2447606733946381
DS3_ita_i	SRR33841023.fna/SRR33841023_1.clean.fastq.gz	DS3_ita_i_NODE_32547_length_2881_cov_29.026893	42.09264	42.130947	226.40642	3.8865347	2881	2881	791	0.27455744	822701.4412394845	4.724113153545149
DS3_ita_i	SRR33841023.fna/SRR33841023_1.clean.fastq.gz	DS3_ita_i_NODE_34176_length_2787_cov_2.853587	4.6037164	4.5077896	5.743127	0.4164916	2787	2787	82	0.029422319	822701.4412394845	0.5062487788674741
DS3_ita_i	SRR33841023.fna/SRR33841023_1.clean.fastq.gz	DS3_ita_i_NODE_37555_length_2612_cov_2.850997	4.530057	4.4900723	3.3170562	0.41729856	2612	2612	77	0.029479327	822701.4412394845	0.5072296450232258
DS3_ita_i	SRR33841023.fna/SRR33841023_1.clean.fastq.gz	DS3_ita_i_NODE_37703_length_2605_cov_4.290980	6.9885945	6.9004974	5.2402935	0.64664894	2605	2605	119	0.045681383	822701.4412394845	0.7860068155779047
DS3_ita_i	SRR33841023.fna/SRR33841023_1.clean.fastq.gz	DS3_ita_i_NODE_38046_length_2588_cov_3.914331	6.600492	6.509563	10.258877	0.6016692	2588	2588	110	0.042503864	822701.4412394845	0.7313335917991384
DS3_ita_i	SRR33841023.fna/SRR33841023_1.clean.fastq.gz	DS3_ita_i_NODE_38866_length_2549_cov_11.728549	19.380993	19.433596	31.20508	1.7493232	2494	2549	315	0.12357787	822701.4412394845	2.126315954138192
DS3_ita_i	SRR33841023.fna/SRR33841023_1.clean.fastq.gz	DS3_ita_i_NODE_41726_length_2423_cov_4.230997	6.805983	6.751832	7.464541	0.6192725	2423	2423	106	0.04374742	822701.4412394845	0.7527305398505224
DS3_ita_i	SRR33841023.fna/SRR33841023_1.clean.fastq.gz	DS3_ita_i_NODE_44100_length_2327_cov_9.265845	14.393202	14.45028	55.3775	1.2957242	2327	2327	213	0.09153417	822701.4412394845	1.574962841985372
DS3_ita_i	SRR33841023.fna/SRR33841023_1.clean.fastq.gz	DS3_ita_i_NODE_46241_length_2250_cov_72.662415	101.75095	102.1	472.12994	9.311262	2250	2250	1480	0.6577778	822701.4412394845	11.317911374959577
DS3_ita_i	SRR33841023.fna/SRR33841023_1.clean.fastq.gz	DS3_ita_i_NODE_48203_length_2184_cov_4.516674	8.353491	8.277839	15.12289	0.751856	2184	2184	116	0.053113554	822701.4412394845	0.9138868152063178
DS3_ita_i	SRR33841023.fna/SRR33841023_1.clean.fastq.gz	DS3_ita_i_NODE_53342_length_2029_cov_52.629686	82.422035	82.5635	71.77653	7.583625	2029	2029	1087	0.5357319	822701.4412394845	9.217955165575605
DS3_ita_i	SRR33841023.fna/SRR33841023_1.clean.fastq.gz	DS3_ita_i_NODE_59240_length_1885_cov_5.602186	8.771758	8.612924	13.270824	0.81103903	1885	1885	108	0.05729443	822701.4412394845	0.98582424843949
DS3_ita_i	SRR33841023.fna/SRR33841023_1.clean.fastq.gz	DS3_ita_i_NODE_66203_length_1742_cov_3.412567	5.65201	5.4351463	11.084359	0.5281953	1742	1742	65	0.03731343	822701.4412394845	0.6420254949404481
DS3_ita_i	SRR33841023.fna/SRR33841023_1.clean.fastq.gz	DS3_ita_i_NODE_66749_length_1732_cov_14.913536	23.726295	23.87781	35.9611	2.133153	1732	1732	261	0.15069284	822701.4412394845	2.592864061093883
DS3_ita_i	SRR33841023.fna/SRR33841023_1.clean.fastq.gz	DS3_ita_i_NODE_70900_length_1658_cov_161.108546	254.91048	256.15463	664.0869	23.077612	1658	1658	2703	1.6302774	822701.4412394845	28.051016861270107
DS3_ita_i	SRR33841023.fna/SRR33841023_1.clean.fastq.gz	DS3_ita_i_NODE_73209_length_1622_cov_2.114231	3.2900815	3.2722473	1.7832327	0.2967272	1622	1622	34	0.020961776	822701.4412394845	0.36067421925619814
DS3_ita_i	SRR33841023.fna/SRR33841023_1.clean.fastq.gz	DS3_ita_i_NODE_74072_length_1607_cov_14.034794	22.190117	22.153847	23.334028	2.0260088	1607	1607	230	0.14312384	822701.4412394845	2.4626294527302752
DS3_ita_i	SRR33841023.fna/SRR33841023_1.clean.fastq.gz	DS3_ita_i_NODE_78451_length_1542_cov_8.396772	13.918103	14.026316	36.986824	1.2117664	1542	1542	132	0.08560311	822701.4412394845	1.4729114831430816
DS3_ita_i	SRR33841023.fna/SRR33841023_1.clean.fastq.gz	DS3_ita_i_NODE_104969_length_1253_cov_26.429048	41.325478	41.326283	56.876728	3.671653	1253	1253	325	0.25937748	822701.4412394845	4.462922776053822
DS3_ita_i	SRR33841023.fna/SRR33841023_1.clean.fastq.gz	DS3_ita_i_NODE_107588_length_1231_cov_6.778061	10.8769655	10.923946	29.391335	0.93144304	1194	1231	81	0.06580016	822701.4412394845	1.1321762589800317
DS3_ita_i	SRR33841023.fna/SRR33841023_1.clean.fastq.gz	DS3_ita_i_NODE_116551_length_1161_cov_29.092224	44.171116	44.01976	62.87664	3.9869876	1161	1161	327	0.28165373	822701.4412394845	4.846214434720319
DS3_ita_i	SRR33841023.fna/SRR33841023_1.clean.fastq.gz	DS3_ita_i_NODE_122112_length_1124_cov_3.929841	6.205339	6.1993165	8.31956	0.5793231	1124	1124	46	0.040925268	822701.4412394845	0.7041717334628588
DS3_ita_i	SRR33841023.fna/SRR33841023_1.clean.fastq.gz	DS3_ita_i_NODE_136173_length_1040_cov_11.390863	6.922472	7.002494	9.385436	0.6125034	1040	1040	45	0.043269232	822701.4412394845	0.7445026461570319
DS3_ita_i	SRR33841023.fna/SRR33841023_1.clean.fastq.gz	DS3_ita_i_NODE_138921_length_1026_cov_2.721936	4.3207765	4.2670884	3.0775568	0.38631362	1026	1026	28	0.027290449	822701.4412394845	0.46956720948243236
DS3_ita_i	SRR33841023.fna/SRR33841023_1.clean.fastq.gz	DS3_ita_i_NODE_154609_length_951_cov_8.090402	13.017478	13.184466	10.599692	1.13126	951	951	76	0.07991588	822701.4412394845	1.3750553278424313
DS3_ita_i	SRR33841023.fna/SRR33841023_1.clean.fastq.gz	DS3_ita_i_NODE_163303_length_916_cov_4.490128	7.4608355	7.495652	4.3324513	0.63360375	916	916	41	0.044759825	822701.4412394845	0.7701502856800769
DS3_ita_i	SRR33841023.fna/SRR33841023_1.clean.fastq.gz	DS3_ita_i_NODE_166012_length_905_cov_21.225882	34.3298	34.627018	44.743866	2.9875429	905	905	191	0.21104972	822701.4412394845	3.631381629159369
DS3_ita_i	SRR33841023.fna/SRR33841023_1.clean.fastq.gz	DS3_ita_i_NODE_177920_length_862_cov_42.292441	63.636234	63.919003	115.03626	5.50132	862	862	335	0.38863108	822701.4412394845	6.686897243928119
DS3_ita_i	SRR33841023.fna/SRR33841023_1.clean.fastq.gz	DS3_ita_i_NODE_181080_length_852_cov_2.521957	3.6452992	3.6724684	2.0494719	0.31567731	803	852	19	0.022300469	822701.4412394845	0.38370822533676324
DS3_ita_i	SRR33841023.fna/SRR33841023_1.clean.fastq.gz	DS3_ita_i_NODE_181535_length_850_cov_105.898113	163.13715	163.70317	207.56625	14.605285	850	850	877	1.0317647	822701.4412394845	17.752837503232804
DS3_ita_i	SRR33841023.fna/SRR33841023_1.clean.fastq.gz	DS3_ita_i_NODE_183319_length_845_cov_2.296203	3.7553957	3.7480063	2.179276	0.33504462	845	845	20	0.02366864	822701.4412394845	0.40724934126190515
DS3_ita_i	SRR33841023.fna/SRR33841023_1.clean.fastq.gz	DS3_ita_i_NODE_184835_length_840_cov_2.757962	4.5246377	4.511254	3.7591887	0.38759476	840	840	23	0.027380953	822701.4412394845	0.47112444511589596
DS3_ita_i	SRR33841023.fna/SRR33841023_1.clean.fastq.gz	DS3_ita_i_NODE_186549_length_834_cov_16.313222	25.263159	25.381493	18.290825	2.1216478	834	834	125	0.1498801	822701.4412394845	2.5788794010176024
DS3_ita_i	SRR33841023.fna/SRR33841023_1.clean.fastq.gz	DS3_ita_i_NODE_278800_length_633_cov_1.622837	2.6169772	2.6321838	0.8218688	0.22362772	624	633	10	0.015797788	822701.4412394845	0.2718212328193832
DS2_ita_i	SRR33841024.fna/SRR33841024_1.clean.fastq.gz	DS2_ita_i_NODE_847_length_20176_cov_21.414940	33.10786	32.799767	60.499924	4.7890596	20176	20176	4447	0.22041039	842776.2398717217	5.682480560592143
DS2_ita_i	SRR33841024.fna/SRR33841024_1.clean.fastq.gz	DS2_ita_i_NODE_1243_length_16820_cov_4.762422	7.5821834	7.428086	11.6319475	1.0928551	16820	16820	846	0.050297264	842776.2398717217	1.296732214669866
DS2_ita_i	SRR33841024.fna/SRR33841024_1.clean.fastq.gz	DS2_ita_i_NODE_2397_length_11720_cov_6.655722	10.4623165	10.14951	33.559864	1.5090894	11720	11720	814	0.069453925	842776.2398717217	1.7906169260653304
DS2_ita_i	SRR33841024.fna/SRR33841024_1.clean.fastq.gz	DS2_ita_i_NODE_4361_length_8180_cov_38.743631	54.918182	54.052437	219.88504	7.9182076	8180	8180	2981	0.36442542	842776.2398717217	9.395385424255938
DS2_ita_i	SRR33841024.fna/SRR33841024_1.clean.fastq.gz	DS2_ita_i_NODE_5738_length_6881_cov_18.882655	29.51181	29.378115	55.17621	4.2375917	6881	6881	1342	0.1950298	842776.2398717217	5.028133802923776
DS2_ita_i	SRR33841024.fna/SRR33841024_1.clean.fastq.gz	DS2_ita_i_NODE_8910_length_5175_cov_13.541602	22.319601	22.503206	72.4683	3.186762	5156	5175	759	0.14666666	842776.2398717217	3.78126701873448
DS2_ita_i	SRR33841024.fna/SRR33841024_1.clean.fastq.gz	DS2_ita_i_NODE_10134_length_4739_cov_17.592869	27.702332	27.405712	160.58571	3.9613686	4739	4739	864	0.18231694	842776.2398717217	4.700380020921042
DS2_ita_i	SRR33841024.fna/SRR33841024_1.clean.fastq.gz	DS2_ita_i_NODE_10832_length_4534_cov_57.855325	90.08599	90.75545	688.49695	12.843147	4534	4534	2680	0.59108955	842776.2398717217	15.239094782684957
DS2_ita_i	SRR33841024.fna/SRR33841024_1.clean.fastq.gz	DS2_ita_i_NODE_13133_length_3971_cov_3.580695	5.685423	5.6446643	6.3308573	0.80433255	3971	3971	147	0.037018385	842776.2398717217	0.9543844640451976
DS2_ita_i	SRR33841024.fna/SRR33841024_1.clean.fastq.gz	DS2_ita_i_NODE_14146_length_3778_cov_6.169756	9.629824	9.12921	35.10997	1.3917834	3778	3778	242	0.064055055	842776.2398717217	1.6514269555248047
DS2_ita_i	SRR33841024.fna/SRR33841024_1.clean.fastq.gz	DS2_ita_i_NODE_14584_length_3702_cov_14.956677	23.545046	23.524702	44.73015	3.339597	3702	3702	569	0.15370071	842776.2398717217	3.962614086638604
DS2_ita_i	SRR33841024.fna/SRR33841024_1.clean.fastq.gz	DS2_ita_i_NODE_16349_length_3426_cov_6.391575	9.203297	9.151186	10.036217	1.3128079	3426	3426	207	0.060420316	842776.2398717217	1.5577182149793656
DS2_ita_i	SRR33841024.fna/SRR33841024_1.clean.fastq.gz	DS2_ita_i_NODE_18123_length_3183_cov_4.088235	6.665348	6.660564	4.237905	0.9351949	3182	3183	137	0.043041155	842776.2398717217	1.1096597836483209
DS2_ita_i	SRR33841024.fna/SRR33841024_1.clean.fastq.gz	DS2_ita_i_NODE_18261_length_3164_cov_4.603409	7.371599	7.217023	11.4855	1.0300847	3153	3164	150	0.047408342	842776.2398717217	1.2222517096077463
DS2_ita_i	SRR33841024.fna/SRR33841024_1.clean.fastq.gz	DS2_ita_i_NODE_19706_length_2999_cov_23.647758	36.924885	36.730213	59.058266	5.230931	2999	2999	722	0.24074692	842776.2398717217	6.206785090187397
DS2_ita_i	SRR33841024.fna/SRR33841024_1.clean.fastq.gz	DS2_ita_i_NODE_19799_length_2990_cov_3.792164	6.1144366	5.9792643	9.327159	0.8647568	2990	2990	119	0.039799333	842776.2398717217	1.0260811340998697
DS2_ita_i	SRR33841024.fna/SRR33841024_1.clean.fastq.gz	DS2_ita_i_NODE_20470_length_2923_cov_12.942120	20.414713	20.122948	45.425358	2.906472	2923	2923	391	0.13376668	842776.2398717217	3.4486876379457394
DS2_ita_i	SRR33841024.fna/SRR33841024_1.clean.fastq.gz	DS2_ita_i_NODE_22097_length_2775_cov_3.535294	5.639619	5.587389	5.0873013	0.79864794	2775	2775	102	0.036756758	842776.2398717217	0.9476393640636588
DS2_ita_i	SRR33841024.fna/SRR33841024_1.clean.fastq.gz	DS2_ita_i_NODE_25097_length_2546_cov_9.292252	14.711602	14.668211	13.417836	2.056728	2546	2546	241	0.094658285	842776.2398717217	2.4404200103138325
DS2_ita_i	SRR33841024.fna/SRR33841024_1.clean.fastq.gz	DS2_ita_i_NODE_25101_length_2546_cov_5.103974	8.143573	8.05329	8.3643465	1.143575	2546	2546	134	0.05263158	842776.2398717217	1.3569141438705754
DS2_ita_i	SRR33841024.fna/SRR33841024_1.clean.fastq.gz	DS2_ita_i_NODE_26495_length_2451_cov_5.188230	8.322034	7.788991	35.856686	1.1524398	2451	2451	130	0.053039577	842776.2398717217	1.367432712834206
DS2_ita_i	SRR33841024.fna/SRR33841024_1.clean.fastq.gz	DS2_ita_i_NODE_26539_length_2448_cov_4.968241	8.008268	7.8371983	15.429188	1.118349	2448	2448	126	0.05147059	842776.2398717217	1.3269821182550459
DS2_ita_i	SRR33841024.fna/SRR33841024_1.clean.fastq.gz	DS2_ita_i_NODE_26596_length_2444_cov_9.894517	15.6355715	15.677154	19.4005	2.195907	2444	2444	247	0.10106383	842776.2398717217	2.60556348899233
DS2_ita_i	SRR33841024.fna/SRR33841024_1.clean.fastq.gz	DS2_ita_i_NODE_30857_length_2213_cov_34.907785	51.638874	52.02208	201.51491	7.1870036	2213	2213	732	0.3307727	842776.2398717217	8.527771975505537
DS2_ita_i	SRR33841024.fna/SRR33841024_1.clean.fastq.gz	DS2_ita_i_NODE_33897_length_2078_cov_13.110727	20.658714	20.670507	24.586111	2.9068155	2078	2078	278	0.13378248	842776.2398717217	3.44909521944098
DS2_ita_i	SRR33841024.fna/SRR33841024_1.clean.fastq.gz	DS2_ita_i_NODE_35063_length_2029_cov_61.810537	97.378395	97.35912	119.0852	13.567905	2029	2029	1267	0.62444556	842776.2398717217	16.09905970066878
DS2_ita_i	SRR33841024.fna/SRR33841024_1.clean.fastq.gz	DS2_ita_i_NODE_36297_length_1982_cov_26.644006	38.9012	38.54	65.28188	5.4484243	1982	1982	497	0.2507568	842776.2398717217	6.464852759528793
DS2_ita_i	SRR33841024.fna/SRR33841024_1.clean.fastq.gz	DS2_ita_i_NODE_36410_length_1977_cov_99.325182	156.00055	156.32097	270.09036	21.804855	1977	1977	1984	1.0035408	842776.2398717217	25.872650376710784
DS2_ita_i	SRR33841024.fna/SRR33841024_1.clean.fastq.gz	DS2_ita_i_NODE_36734_length_1965_cov_76.413613	108.0011	108.76453	374.94046	15.259304	1965	1965	1380	0.70229006	842776.2398717217	18.105996916005374
DS2_ita_i	SRR33841024.fna/SRR33841024_1.clean.fastq.gz	DS2_ita_i_NODE_37109_length_1953_cov_26.876712	42.660564	42.630314	45.096714	5.9965954	1953	1953	539	0.27598566	842776.2398717217	7.115287684086511
DS2_ita_i	SRR33841024.fna/SRR33841024_1.clean.fastq.gz	DS2_ita_i_NODE_45450_length_1714_cov_142.606389	221.01535	221.98154	371.13373	30.703053	1714	1714	2422	1.4130689	842776.2398717217	36.430847889913565
DS2_ita_i	SRR33841024.fna/SRR33841024_1.clean.fastq.gz	DS2_ita_i_NODE_48732_length_1640_cov_30.559621	47.457047	47.372578	49.6063	6.58462	1640	1640	497	0.3030488	842776.2398717217	7.813010961251399
DS2_ita_i	SRR33841024.fna/SRR33841024_1.clean.fastq.gz	DS2_ita_i_NODE_51602_length_1577_cov_6.226018	9.5430975	9.064591	58.5709	1.4053571	1577	1577	102	0.06467977	842776.2398717217	1.6675328913092144
DS2_ita_i	SRR33841024.fna/SRR33841024_1.clean.fastq.gz	DS2_ita_i_NODE_57163_length_1477_cov_3.527426	5.884702	5.9037657	7.4927297	0.7943858	1477	1477	54	0.036560595	842776.2398717217	0.9425821023631527
DS2_ita_i	SRR33841024.fna/SRR33841024_1.clean.fastq.gz	DS2_ita_i_NODE_57404_length_1473_cov_4.386460	7	6.72712	11.641453	0.95880175	1473	1473	65	0.044127632	842776.2398717217	1.1376705994297354
DS2_ita_i	SRR33841024.fna/SRR33841024_1.clean.fastq.gz	DS2_ita_i_NODE_61043_length_1414_cov_17.706402	27.963608	27.884007	55.338356	3.8415704	1414	1414	250	0.1768034	842776.2398717217	4.5582329190779305
DS2_ita_i	SRR33841024.fna/SRR33841024_1.clean.fastq.gz	DS2_ita_i_NODE_71795_length_1272_cov_36.074774	56.213013	56.539604	50.64237	7.7209277	1272	1272	452	0.3553459	842776.2398717217	9.161302057085988
DS2_ita_i	SRR33841024.fna/SRR33841024_1.clean.fastq.gz	DS2_ita_i_NODE_74081_length_1247_cov_72.372483	112.64175	113.23256	123.54208	15.542348	1247	1247	892	0.7153168	842776.2398717217	18.44184406808347
DS2_ita_i	SRR33841024.fna/SRR33841024_1.clean.fastq.gz	DS2_ita_i_NODE_86548_length_1126_cov_35.438842	54.098362	54.457954	93.28667	7.178319	1126	1126	372	0.33037300000000003	842776.2398717217	8.517467223675654
DS2_ita_i	SRR33841024.fna/SRR33841024_1.clean.fastq.gz	DS2_ita_i_NODE_88787_length_1108_cov_2.798670	4.649269	4.6666665	3.8914883	0.64713126	1108	1108	33	0.029783394	842776.2398717217	0.7678565547819659
DS2_ita_i	SRR33841024.fna/SRR33841024_1.clean.fastq.gz	DS2_ita_i_NODE_93996_length_1069_cov_3.136095	5.1980414	5.2110977	3.2701046	0.67074037	1069	1069	33	0.030869972	842776.2398717217	0.7958700521767116
DS2_ita_i	SRR33841024.fna/SRR33841024_1.clean.fastq.gz	DS2_ita_i_NODE_95143_length_1061_cov_4.500000	6.6487374	6.6979294	5.9028544	0.9420212	1061	1061	46	0.043355323	842776.2398717217	1.1177595611183633
DS2_ita_i	SRR33841024.fna/SRR33841024_1.clean.fastq.gz	DS2_ita_i_NODE_97063_length_1048_cov_3.729104	5.932071	5.851852	6.3331733	0.7671118	1047	1048	37	0.035305344	842776.2398717217	0.9102200129856075
DS2_ita_i	SRR33841024.fna/SRR33841024_1.clean.fastq.gz	DS2_ita_i_NODE_108816_length_974_cov_43.351469	66.06675	66.35714	75.41111	9.034711	974	974	405	0.4158111	842776.2398717217	10.7201776373942
DS2_ita_i	SRR33841024.fna/SRR33841024_1.clean.fastq.gz	DS2_ita_i_NODE_117837_length_927_cov_2.981651	4.830116	4.8602	1.8937825	0.65629107	927	927	28	0.030204963	842776.2398717217	0.7787251692096748
DS2_ita_i	SRR33841024.fna/SRR33841024_1.clean.fastq.gz	DS2_ita_i_NODE_129318_length_873_cov_20.597800	32.556015	32.835636	28.560228	4.255985	873	873	171	0.19587629	842776.2398717217	5.049958457120006
DS2_ita_i	SRR33841024.fna/SRR33841024_1.clean.fastq.gz	DS2_ita_i_NODE_132644_length_859_cov_18.650498	26.260931	26.093897	44.156395	3.5665157	859	859	141	0.16414435	842776.2398717217	4.231865507436299
DS2_ita_i	SRR33841024.fna/SRR33841024_1.clean.fastq.gz	DS2_ita_i_NODE_134929_length_850_cov_121.030189	186.83144	186.64761	370.02594	25.255516	850	850	988	1.1623529	842776.2398717217	29.967047960255883
DS2_ita_i	SRR33841024.fna/SRR33841024_1.clean.fastq.gz	DS2_ita_i_NODE_144147_length_815_cov_3.336842	4.5278196	4.4774623	4.469481	0.6665007	815	815	25	0.030674847	842776.2398717217	0.7908394523574223
DS2_ita_i	SRR33841024.fna/SRR33841024_1.clean.fastq.gz	DS2_ita_i_NODE_151516_length_789_cov_16.829700	26.89202	26.911612	41.394287	3.497397	789	789	127	0.16096324	842776.2398717217	4.149852397989217
DS2_ita_i	SRR33841024.fna/SRR33841024_1.clean.fastq.gz	DS2_ita_i_NODE_181607_length_703_cov_100.339506	113.85352	115.29058	2621.7056	14.897381	703	703	482	0.685633	842776.2398717217	17.676555525897975
DS2_ita_i	SRR33841024.fna/SRR33841024_1.clean.fastq.gz	DS2_ita_i_NODE_183055_length_700_cov_2.207752	3.54	3.5584676	2.0521314	0.46559834	700	700	15	0.021428572	842776.2398717217	0.5524578387151354
DS2_ita_i	SRR33841024.fna/SRR33841024_1.clean.fastq.gz	DS2_ita_i_NODE_251588_length_578_cov_1.309751	2.1588786	2.134715	0.7615838	0.3007325	575	578	8	0.013840831	842776.2398717217	0.3568355226124722
DS2_ita_i	SRR33841024.fna/SRR33841024_1.clean.fastq.gz	DS2_ita_i_NODE_308222_length_512_cov_2.702407	4.4005523	4.469325	1.8751245	0.5516855	512	512	13	0.025390625	842776.2398717217	0.6546049519430823
DS1_ita_i	SRR33841025.fna/SRR33841025_1.clean.fastq.gz	DS1_ita_i_NODE_11_length_116172_cov_19.819983	30.57321	30.33913	74.32437	4.772051	116172	116172	23689	0.20391317	859875.2966303595	5.54970124005248
DS1_ita_i	SRR33841025.fna/SRR33841025_1.clean.fastq.gz	DS1_ita_i_NODE_113_length_46316_cov_6.889172	10.794719	10.63018	18.776594	1.6840854	46316	46316	3333	0.07196217	859875.2966303595	1.958522830693611
DS1_ita_i	SRR33841025.fna/SRR33841025_1.clean.fastq.gz	DS1_ita_i_NODE_414_length_27875_cov_12.163156	18.933273	18.844707	31.619986	2.9560447	27875	27875	3521	0.1263139	859875.2966303595	3.4377597677058693
DS1_ita_i	SRR33841025.fna/SRR33841025_1.clean.fastq.gz	DS1_ita_i_NODE_3609_length_9745_cov_5.946749	9.42814	9.3507	14.983447	1.4528921	9734	9745	605	0.06208312	859875.2966303595	1.6896544251166743
DS1_ita_i	SRR33841025.fna/SRR33841025_1.clean.fastq.gz	DS1_ita_i_NODE_6629_length_6618_cov_5.233430	8.460421	7.661972	49.028744	1.3083826	6557	6618	370	0.05590813	859875.2966303595	1.5215957536252418
DS1_ita_i	SRR33841025.fna/SRR33841025_1.clean.fastq.gz	DS1_ita_i_NODE_8191_length_5790_cov_4.576635	7.3537235	7.359535	6.885854	1.1276789	5790	5790	279	0.04818653	859875.2966303595	1.311444699503634
DS1_ita_i	SRR33841025.fna/SRR33841025_1.clean.fastq.gz	DS1_ita_i_NODE_12977_length_4244_cov_5.497493	8.678309	8.446554	15.750629	1.3178997	4244	4244	239	0.056314796	859875.2966303595	1.5326637538774817
DS1_ita_i	SRR33841025.fna/SRR33841025_1.clean.fastq.gz	DS1_ita_i_NODE_13590_length_4120_cov_3.649200	5.8670025	5.709849	7.504102	0.90314966	4120	4120	159	0.038592234	859875.2966303595	1.0503263246882684
DS1_ita_i	SRR33841025.fna/SRR33841025_1.clean.fastq.gz	DS1_ita_i_NODE_13702_length_4095_cov_12.890347	21.730038	21.352295	48.304134	3.3660553	4095	4095	589	0.14383395	859875.2966303595	3.9145854209217843
DS1_ita_i	SRR33841025.fna/SRR33841025_1.clean.fastq.gz	DS1_ita_i_NODE_16352_length_3632_cov_28.991334	44.35382	44.205486	319.38638	6.7333364	3632	3632	1045	0.28772026	859875.2966303595	7.8305963973919175
DS1_ita_i	SRR33841025.fna/SRR33841025_1.clean.fastq.gz	DS1_ita_i_NODE_16769_length_3570_cov_3.337127	5.3538013	5.211501	5.885903	0.8325213	3569	3570	127	0.03557423	859875.2966303595	0.9681884143694404
DS1_ita_i	SRR33841025.fna/SRR33841025_1.clean.fastq.gz	DS1_ita_i_NODE_19094_length_3274_cov_7.855545	10.15653	9.469772	71.25791	1.5725477	3274	3274	220	0.06719609	859875.2966303595	1.8288090216830615
DS1_ita_i	SRR33841025.fna/SRR33841025_1.clean.fastq.gz	DS1_ita_i_NODE_20254_length_3144_cov_6.625445	10.440882	10.313427	29.809566	1.5780224	3142	3144	212	0.06743003	859875.2966303595	1.8351758751343166
DS1_ita_i	SRR33841025.fna/SRR33841025_1.clean.fastq.gz	DS1_ita_i_NODE_20801_length_3086_cov_12.249753	18.83004	18.672466	34.7033	2.9120252	3086	3086	384	0.12443292	859875.2966303595	3.3865668794202057
DS1_ita_i	SRR33841025.fna/SRR33841025_1.clean.fastq.gz	DS1_ita_i_NODE_23288_length_2852_cov_7.189131	14.585122	14.521792	15.806704	2.2237172	2852	2852	271	0.09502104	859875.2966303595	2.5860926679882565
DS1_ita_i	SRR33841025.fna/SRR33841025_1.clean.fastq.gz	DS1_ita_i_NODE_24365_length_2761_cov_12.912417	21.153963	21.358995	108.136444	3.161566	2761	2761	373	0.13509598	859875.2966303595	3.6767726813287953
DS1_ita_i	SRR33841025.fna/SRR33841025_1.clean.fastq.gz	DS1_ita_i_NODE_27333_length_2549_cov_8.430233	13.484368	13.420176	21.183134	2.01982	2549	2549	220	0.08630835	859875.2966303595	2.3489685166153507
DS1_ita_i	SRR33841025.fna/SRR33841025_1.clean.fastq.gz	DS1_ita_i_NODE_27979_length_2508_cov_27.591928	42.89016	43.225048	122.55176	6.5597553	2508	2508	703	0.28030303	859875.2966303595	7.628728637403671
DS1_ita_i	SRR33841025.fna/SRR33841025_1.clean.fastq.gz	DS1_ita_i_NODE_32968_length_2227_cov_20.669429	33.198364	33.376804	201.29877	4.928474	2227	2227	469	0.21059722	859875.2966303595	5.731614827537761
DS1_ita_i	SRR33841025.fna/SRR33841025_1.clean.fastq.gz	DS1_ita_i_NODE_33609_length_2200_cov_6.653147	10.275122	10.314193	7.744677	1.542429	2200	2200	145	0.06590909	859875.2966303595	1.7937821984704074
DS1_ita_i	SRR33841025.fna/SRR33841025_1.clean.fastq.gz	DS1_ita_i_NODE_36771_length_2066_cov_13.551964	19.264614	19.117613	80.42864	2.9224644	2053	2066	258	0.124878995	859875.2966303595	3.398707244471869
DS1_ita_i	SRR33841025.fna/SRR33841025_1.clean.fastq.gz	DS1_ita_i_NODE_37729_length_2029_cov_32.322188	51.02129	51.199055	138.01984	7.647004	2029	2029	663	0.32676196	859875.2966303595	8.8931546585496
DS1_ita_i	SRR33841025.fna/SRR33841025_1.clean.fastq.gz	DS1_ita_i_NODE_40525_length_1933_cov_3.435570	5.9562535	5.9258566	4.0957294	0.8837936	1933	1933	73	0.03776513	859875.2966303595	1.0278160140934045
DS1_ita_i	SRR33841025.fna/SRR33841025_1.clean.fastq.gz	DS1_ita_i_NODE_43086_length_1852_cov_2.704508	4.621034	4.596606	2.6587703	0.707631	1852	1852	56	0.030237582	859875.2966303595	0.8229460745913186
DS1_ita_i	SRR33841025.fna/SRR33841025_1.clean.fastq.gz	DS1_ita_i_NODE_43848_length_1828_cov_3.080090	5.3557806	5.098545	10.255575	0.7937346	1810	1828	62	0.03391685	859875.2966303595	0.923081059672782
DS1_ita_i	SRR33841025.fna/SRR33841025_1.clean.fastq.gz	DS1_ita_i_NODE_43936_length_1825_cov_4.244633	6.512239	6.5858183	10.373058	0.948918	1754	1825	74	0.040547945	859875.2966303595	1.1035530427709426
DS1_ita_i	SRR33841025.fna/SRR33841025_1.clean.fastq.gz	DS1_ita_i_NODE_48979_length_1689_cov_17.793146	28.152697	28.180965	36.19059	4.184438	1689	1689	302	0.17880403	859875.2966303595	4.866331218489224
DS1_ita_i	SRR33841025.fna/SRR33841025_1.clean.fastq.gz	DS1_ita_i_NODE_53143_length_1594_cov_73.351527	115.72022	116.37692	120.428795	17.19208	1594	1594	1171	0.73462987	859875.2966303595	19.99368986104328
DS1_ita_i	SRR33841025.fna/SRR33841025_1.clean.fastq.gz	DS1_ita_i_NODE_60307_length_1459_cov_31.683048	48.96944	48.775234	49.245247	7.362363	1459	1459	459	0.31459904	859875.2966303595	8.562128751519316
DS1_ita_i	SRR33841025.fna/SRR33841025_1.clean.fastq.gz	DS1_ita_i_NODE_60331_length_1459_cov_3.819088	6.3628726	6.318066	8.3995695	0.9303204	1459	1459	58	0.039753255	859875.2966303595	1.0819247903105227
DS1_ita_i	SRR33841025.fna/SRR33841025_1.clean.fastq.gz	DS1_ita_i_NODE_67882_length_1344_cov_2.847944	4.6541038	4.7007437	2.5701137	0.67908657	1339	1344	39	0.029017856	859875.2966303595	0.7897500633652039
DS1_ita_i	SRR33841025.fna/SRR33841025_1.clean.fastq.gz	DS1_ita_i_NODE_68243_length_1339_cov_1.564642	2.7207737	2.6741364	1.2401489	0.40198246	1339	1339	23	0.017176997	859875.2966303595	0.4674892528896582
DS1_ita_i	SRR33841025.fna/SRR33841025_1.clean.fastq.gz	DS1_ita_i_NODE_74914_length_1253_cov_13.070952	21.006346	20.844913	33.002678	3.0817168	1253	1253	165	0.13168396	859875.2966303595	3.583911309089228
DS1_ita_i	SRR33841025.fna/SRR33841025_1.clean.fastq.gz	DS1_ita_i_NODE_77680_length_1223_cov_11.203767	10.842498	10.746639	21.968641	1.588223	1211	1223	83	0.0678659	859875.2966303595	1.8470387580895236
DS1_ita_i	SRR33841025.fna/SRR33841025_1.clean.fastq.gz	DS1_ita_i_NODE_81467_length_1185_cov_3.284956	5.474396	5.539121	2.5571299	0.77020454	1167	1185	39	0.032911394	859875.2966303595	0.8957165568289295
DS1_ita_i	SRR33841025.fna/SRR33841025_1.clean.fastq.gz	DS1_ita_i_NODE_94612_length_1072_cov_3.612586	6.635575	6.5614457	6.7639008	0.93871444	1072	1072	43	0.04011194	859875.2966303595	1.0916867174561147
DS1_ita_i	SRR33841025.fna/SRR33841025_1.clean.fastq.gz	DS1_ita_i_NODE_105304_length_999_cov_10.366525	16.667845	16.91634	27.358877	2.3660054	999	999	101	0.1011011	859875.2966303595	2.751568057916997
DS1_ita_i	SRR33841025.fna/SRR33841025_1.clean.fastq.gz	DS1_ita_i_NODE_127036_length_884_cov_3.306393	5.6866484	5.702417	4.6738453	0.8206713	884	884	31	0.035067875	859875.2966303595	0.9544073462931306
DS1_ita_i	SRR33841025.fna/SRR33841025_1.clean.fastq.gz	DS1_ita_i_NODE_131688_length_864_cov_2.846724	3.9887955	3.9301243	4.91432	0.5958937	864	864	22	0.025462963	859875.2966303595	0.6930001388982348
DS1_ita_i	SRR33841025.fna/SRR33841025_1.clean.fastq.gz	DS1_ita_i_NODE_134194_length_853_cov_6.199248	9.465149	9.434439	10.6423025	1.4266392	853	853	52	0.060961314	859875.2966303595	1.6591233700870922
DS1_ita_i	SRR33841025.fna/SRR33841025_1.clean.fastq.gz	DS1_ita_i_NODE_134868_length_850_cov_44.818868	67.80428	67.734924	149.48239	10.049253	850	850	365	0.42941177	859875.2966303595	11.686872549287738
DS1_ita_i	SRR33841025.fna/SRR33841025_1.clean.fastq.gz	DS1_ita_i_NODE_143300_length_817_cov_13.779528	20.68066	20.840265	27.611088	3.1222255	817	817	109	0.13341494	859875.2966303595	3.6310212797544437
DS1_ita_i	SRR33841025.fna/SRR33841025_1.clean.fastq.gz	DS1_ita_i_NODE_181770_length_702_cov_1.846986	3.402174	3.3975904	1.6782528	0.46671394	691	702	14	0.01994302	859875.2966303595	0.5427693315867284
DD4_ita_i	SRR33841026.fna/SRR33841026_1.clean.fastq.gz	DD4_ita_i_NODE_3_length_342410_cov_55.260925	86.42446	86.18284	228.95784	8.289721	342410	342410	197469	0.57670337	736812.5663212979	11.250786670738112
DD4_ita_i	SRR33841026.fna/SRR33841026_1.clean.fastq.gz	DD4_ita_i_NODE_706_length_28824_cov_16.820466	26.062008	25.929983	56.95909	2.4964561	28824	28824	5006	0.17367472	736812.5663212979	3.388183391692296
DD4_ita_i	SRR33841026.fna/SRR33841026_1.clean.fastq.gz	DD4_ita_i_NODE_711_length_28729_cov_8.574527	13.6150675	13.521284	23.061394	1.30239	28729	28729	2603	0.09060531	736812.5663212979	1.7676001462657922
DD4_ita_i	SRR33841026.fna/SRR33841026_1.clean.fastq.gz	DD4_ita_i_NODE_2830_length_14135_cov_7.128054	11.135288	10.957178	23.08811	1.0596423	14135	14135	1042	0.07371772	736812.5663212979	1.4381436316843805
DD4_ita_i	SRR33841026.fna/SRR33841026_1.clean.fastq.gz	DD4_ita_i_NODE_4325_length_11074_cov_19.362283	28.407452	28.18338	63.72782	2.712871	11074	11074	2090	0.18873036	736812.5663212979	3.6819011021278008
DD4_ita_i	SRR33841026.fna/SRR33841026_1.clean.fastq.gz	DD4_ita_i_NODE_4375_length_10996_cov_8.573714	13.687443	13.549478	40.23904	1.3033103	10996	10996	997	0.090669334	736812.5663212979	1.7688491749089856
DD4_ita_i	SRR33841026.fna/SRR33841026_1.clean.fastq.gz	DD4_ita_i_NODE_4553_length_10736_cov_9.608370	14.880219	14.638644	26.91867	1.4205621	10736	10736	1061	0.09882638	736812.5663212979	1.9279829972125408
DD4_ita_i	SRR33841026.fna/SRR33841026_1.clean.fastq.gz	DD4_ita_i_NODE_6324_length_8706_cov_6.768466	10.662459	10.533238	13.433219	1.0121136	8706	8706	613	0.07041121	736812.5663212979	1.373637810024338
DD4_ita_i	SRR33841026.fna/SRR33841026_1.clean.fastq.gz	DD4_ita_i_NODE_7612_length_7699_cov_30.868917	48.911777	48.849888	149.18668	4.66386	7699	7699	2498	0.32445773	736812.5663212979	6.329778037425946
DD4_ita_i	SRR33841026.fna/SRR33841026_1.clean.fastq.gz	DD4_ita_i_NODE_11230_length_5856_cov_7.281503	11.373642	11.208528	21.343279	1.072674	5856	5856	437	0.074624315	736812.5663212979	1.4558302192857073
DD4_ita_i	SRR33841026.fna/SRR33841026_1.clean.fastq.gz	DD4_ita_i_NODE_16221_length_4521_cov_5.139275	7.993823	7.9087677	12.661059	0.7535312	4500	4521	237	0.05242203	736812.5663212979	1.0226904839071538
DD4_ita_i	SRR33841026.fna/SRR33841026_1.clean.fastq.gz	DD4_ita_i_NODE_20931_length_3748_cov_14.220146	22.535019	22.022223	195.43261999999999	2.1170294	3748	3748	552	0.14727855	736812.5663212979	2.8732265120962097
DD4_ita_i	SRR33841026.fna/SRR33841026_1.clean.fastq.gz	DD4_ita_i_NODE_27043_length_3107_cov_13.861730	21.695637	21.626738	21.20098	2.0310035	3107	3107	439	0.14129385	736812.5663212979	2.75647239587707
DD4_ita_i	SRR33841026.fna/SRR33841026_1.clean.fastq.gz	DD4_ita_i_NODE_27724_length_3051_cov_38.180908	59.811443	59.715054	87.686165	5.59237	3051	3051	1187	0.38905278	736812.5663212979	7.5899492701667155
DD4_ita_i	SRR33841026.fna/SRR33841026_1.clean.fastq.gz	DD4_ita_i_NODE_28353_length_3002_cov_4.880556	7.8285413	7.48014	29.944284	0.7230256	2993	3002	151	0.0502998	736812.5663212979	0.9812883670128858
DD4_ita_i	SRR33841026.fna/SRR33841026_1.clean.fastq.gz	DD4_ita_i_NODE_30546_length_2843_cov_9.774390	15.698106	15.560412	27.301472	1.4814198	2838	2843	293	0.10306015	736812.5663212979	2.0105789012208644
DD4_ita_i	SRR33841026.fna/SRR33841026_1.clean.fastq.gz	DD4_ita_i_NODE_31740_length_2768_cov_3.617766	5.7181053	5.6382527	6.924708	0.52968967	2768	2768	102	0.03684971	736812.5663212979	0.7188933715457576
DD4_ita_i	SRR33841026.fna/SRR33841026_1.clean.fastq.gz	DD4_ita_i_NODE_34403_length_2609_cov_83.933829	121.37251	122.3544	450.26648	11.189823	2609	2609	2031	0.7784592	736812.5663212979	15.186797174032607
DD4_ita_i	SRR33841026.fna/SRR33841026_1.clean.fastq.gz	DD4_ita_i_NODE_38972_length_2375_cov_4.158190	7.122247	6.9975038	10.152316	0.6536534	2375	2375	108	0.045473684	736812.5663212979	0.8871366068897432
DD4_ita_i	SRR33841026.fna/SRR33841026_1.clean.fastq.gz	DD4_ita_i_NODE_40098_length_2322_cov_9.955448	15.651012	15.755113	25.9583	1.4671466	2322	2322	237	0.10206718	736812.5663212979	1.9912073532147512
DD4_ita_i	SRR33841026.fna/SRR33841026_1.clean.fastq.gz	DD4_ita_i_NODE_41040_length_2282_cov_34.166143	54.040337	54.479168	124.51091	4.9951086	2282	2282	793	0.3475022	736812.5663212979	6.779347731457948
DD4_ita_i	SRR33841026.fna/SRR33841026_1.clean.fastq.gz	DD4_ita_i_NODE_45492_length_2110_cov_8.102190	12.577551	12.5017	35.85412	1.1444957	2110	2110	168	0.07962085	736812.5663212979	1.5533064341100364
DD4_ita_i	SRR33841026.fna/SRR33841026_1.clean.fastq.gz	DD4_ita_i_NODE_46769_length_2068_cov_11.777447	18.944212	18.930555	101.0772	1.7377083	2068	2068	250	0.120889746	736812.5663212979	2.358412952531332
DD4_ita_i	SRR33841026.fna/SRR33841026_1.clean.fastq.gz	DD4_ita_i_NODE_46797_length_2067_cov_8.589463	13.969223	13.9033	21.341955	1.2726179	2056	2067	183	0.08853411	736812.5663212979	1.7271935335655721
DD4_ita_i	SRR33841026.fna/SRR33841026_1.clean.fastq.gz	DD4_ita_i_NODE_46909_length_2063_cov_5.954681	10.193936	10.009867	22.85202	0.93366903	2031	2063	134	0.06495395	736812.5663212979	1.2671730541480204
DD4_ita_i	SRR33841026.fna/SRR33841026_1.clean.fastq.gz	DD4_ita_i_NODE_47953_length_2029_cov_5.847518	9.646621	9.701122	23.582193	0.8713857	2020	2029	123	0.060620997	736812.5663212979	1.1826422890024646
DD4_ita_i	SRR33841026.fna/SRR33841026_1.clean.fastq.gz	DD4_ita_i_NODE_48937_length_1998_cov_3.294905	5.2132034	5.126803	5.4109354	0.48202184	1992	1998	67	0.033533532	736812.5663212979	0.6541987230302032
DD4_ita_i	SRR33841026.fna/SRR33841026_1.clean.fastq.gz	DD4_ita_i_NODE_49082_length_1993_cov_97.289474	152.73576	152.27547	393.01547	14.064189	1993	1993	1950	0.9784245	736812.5663212979	19.087878848509085
DD4_ita_i	SRR33841026.fna/SRR33841026_1.clean.fastq.gz	DD4_ita_i_NODE_51674_length_1916_cov_6.281569	9.671575	9.3830185	41.353832	0.90777296	1916	1916	121	0.0631524	736812.5663212979	1.2320269787637583
DD4_ita_i	SRR33841026.fna/SRR33841026_1.clean.fastq.gz	DD4_ita_i_NODE_52100_length_1905_cov_5.230270	7.808547	7.6204934	27.126377	0.7092841	1905	1905	94	0.04934383	736812.5663212979	0.962638440792697
DD4_ita_i	SRR33841026.fna/SRR33841026_1.clean.fastq.gz	DD4_ita_i_NODE_52997_length_1881_cov_3.702629	6.538417	6.484285	6.3423095	0.6113481	1881	1881	80	0.04253057	736812.5663212979	0.8297199694249143
DD4_ita_i	SRR33841026.fna/SRR33841026_1.clean.fastq.gz	DD4_ita_i_NODE_54203_length_1851_cov_2.488307	4.012346	4.003919	2.09573	0.3649882	1851	1851	47	0.02539168	736812.5663212979	0.49536098688203095
DD4_ita_i	SRR33841026.fna/SRR33841026_1.clean.fastq.gz	DD4_ita_i_NODE_54209_length_1850_cov_32.949861	50.73647	51.2549	82.4226	4.7474112999999996	1850	1850	611	0.33027026	736812.5663212979	6.443173633292543
DD4_ita_i	SRR33841026.fna/SRR33841026_1.clean.fastq.gz	DD4_ita_i_NODE_55198_length_1826_cov_10.437606	16.483294	16.558279	40.0839	1.5035573	1826	1826	191	0.10460022	736812.5663212979	2.040623855679942
DD4_ita_i	SRR33841026.fna/SRR33841026_1.clean.fastq.gz	DD4_ita_i_NODE_65217_length_1608_cov_6.627173	10.124143	10.03653	14.281765	0.9207433	1608	1608	103	0.06405473	736812.5663212979	1.2496302887408905
DD4_ita_i	SRR33841026.fna/SRR33841026_1.clean.fastq.gz	DD4_ita_i_NODE_65966_length_1594_cov_95.822612	150.982	151.68077	263.947	13.851293	1594	1594	1536	0.96361357	736812.5663212979	18.798936979530207
DD4_ita_i	SRR33841026.fna/SRR33841026_1.clean.fastq.gz	DD4_ita_i_NODE_66669_length_1582_cov_3.721676	6.4972067	6.3744187	10.522703	0.59060115	1582	1582	65	0.041087233	736812.5663212979	0.8015622656230048
DD4_ita_i	SRR33841026.fna/SRR33841026_1.clean.fastq.gz	DD4_ita_i_NODE_73391_length_1470_cov_31.675618	48.812878	48.819866	38.919445	4.468752	1470	1470	457	0.31088436	736812.5663212979	6.064977993401019
DD4_ita_i	SRR33841026.fna/SRR33841026_1.clean.fastq.gz	DD4_ita_i_NODE_75101_length_1445_cov_16.167626	23.28803	23.3976	113.308784	2.0492113	1445	1445	206	0.14256056	736812.5663212979	2.7811839722429648
DD4_ita_i	SRR33841026.fna/SRR33841026_1.clean.fastq.gz	DD4_ita_i_NODE_82216_length_1349_cov_3.561051	5.852377	5.8057356	6.097555	0.53277695	1349	1349	50	0.037064493	736812.5663212979	0.7230834195187639
DD4_ita_i	SRR33841026.fna/SRR33841026_1.clean.fastq.gz	DD4_ita_i_NODE_84138_length_1325_cov_53.789764	83.60766	83.93107	117.6168	7.5071936	1325	1325	692	0.5222641	736812.5663212979	10.188742623488833
DD4_ita_i	SRR33841026.fna/SRR33841026_1.clean.fastq.gz	DD4_ita_i_NODE_90457_length_1255_cov_3.660833	6.336652	6.3557787	3.8901863	0.57268214	1255	1255	50	0.03984064	736812.5663212979	0.7772426342553359
DD4_ita_i	SRR33841026.fna/SRR33841026_1.clean.fastq.gz	DD4_ita_i_NODE_90596_length_1253_cov_16.216194	24.776972	24.64854	62.12262	2.2599695	1253	1253	197	0.15722266	736812.5663212979	3.06722442490823
DD4_ita_i	SRR33841026.fna/SRR33841026_1.clean.fastq.gz	DD4_ita_i_NODE_98683_length_1176_cov_8.145406	12.591618	12.607142	25.849633999999998	1.0878526	1126	1176	89	0.07568027	736812.5663212979	1.476430573695761
DD4_ita_i	SRR33841026.fna/SRR33841026_1.clean.fastq.gz	DD4_ita_i_NODE_102962_length_1139_cov_10.145756	15.848331	15.814815	23.703693	1.4386944	1128	1139	114	0.1000878	736812.5663212979	1.9525921051849109
DD4_ita_i	SRR33841026.fna/SRR33841026_1.clean.fastq.gz	DD4_ita_i_NODE_111056_length_1076_cov_6.780607	11.100432	11.039568	9.482876	0.9885686	1076	1076	74	0.06877323	736812.5663212979	1.3416826004144453
DD4_ita_i	SRR33841026.fna/SRR33841026_1.clean.fastq.gz	DD4_ita_i_NODE_111366_length_1074_cov_3.185476	5.0887446	5.109375	1.9639466	0.45505303	1074	1074	34	0.031657357	736812.5663212979	0.6175967278516359
DD4_ita_i	SRR33841026.fna/SRR33841026_1.clean.fastq.gz	DD4_ita_i_NODE_111916_length_1070_cov_5.793103	8.852174	8.676329	18.800756	0.7657349	1070	1070	57	0.05327103	736812.5663212979	1.0392533121728682
DD4_ita_i	SRR33841026.fna/SRR33841026_1.clean.fastq.gz	DD4_ita_i_NODE_118937_length_1023_cov_48.352273	61.66094	62.360863	328.50415	5.4237423	1023	1023	386	0.3773216	736812.5663212979	7.361088216884316
DD4_ita_i	SRR33841026.fna/SRR33841026_1.clean.fastq.gz	DD4_ita_i_NODE_128569_length_966_cov_7.646542	12.166667	12.131793	10.193048	1.0416176	953	966	70	0.072463766	736812.5663212979	1.4136805581377494
DD4_ita_i	SRR33841026.fna/SRR33841026_1.clean.fastq.gz	DD4_ita_i_NODE_130074_length_958_cov_14.806202	22.789604	22.842033	60.22582	1.9505866	958	958	130	0.13569938	736812.5663212979	2.6473307991186164
DD4_ita_i	SRR33841026.fna/SRR33841026_1.clean.fastq.gz	DD4_ita_i_NODE_131009_length_953_cov_4.220490	6.646326	6.637621	5.7301207	0.58824617	953	953	39	0.040923398	736812.5663212979	0.7983660932073282
DD4_ita_i	SRR33841026.fna/SRR33841026_1.clean.fastq.gz	DD4_ita_i_NODE_133569_length_939_cov_12.824661	20.24081	20.274261	245.27443	1.7910498	939	939	117	0.12460064	736812.5663212979	2.4308078904547163
DD4_ita_i	SRR33841026.fna/SRR33841026_1.clean.fastq.gz	DD4_ita_i_NODE_134666_length_933_cov_16.933941	26.721584	27.052483	61.97099	2.3417976	925	933	152	0.16291533	736812.5663212979	3.178281298447379
DD4_ita_i	SRR33841026.fna/SRR33841026_1.clean.fastq.gz	DD4_ita_i_NODE_149501_length_863_cov_51.389851	77.34222	77.43391	87.01185	6.962302	863	863	418	0.48435688	736812.5663212979	9.449217234120823
DD4_ita_i	SRR33841026.fna/SRR33841026_1.clean.fastq.gz	DD4_ita_i_NODE_150239_length_860_cov_31.445963	49.794365	50.16094	60.3441	4.329011	860	860	259	0.30116278	736812.5663212979	5.875321890360203
DD4_ita_i	SRR33841026.fna/SRR33841026_1.clean.fastq.gz	DD4_ita_i_NODE_152524_length_850_cov_52.086792	81.365715	81.620636	62.647175	7.17025	850	850	424	0.49882352	736812.5663212979	9.731443691031332
DD4_ita_i	SRR33841026.fna/SRR33841026_1.clean.fastq.gz	DD4_ita_i_NODE_163231_length_809_cov_4.058355	8.091047	8.184874	10.283494	0.69295245	809	809	39	0.048207663	736812.5663212979	0.9404731700759674
DD4_ita_i	SRR33841026.fna/SRR33841026_1.clean.fastq.gz	DD4_ita_i_NODE_216868_length_657_cov_1.880399	3.0808678	3.0919037	0.9993761	0.2625447	657	657	12	0.01826484	736812.5663212979	0.35632494884121396
DD4_ita_i	SRR33841026.fna/SRR33841026_1.clean.fastq.gz	DD4_ita_i_NODE_243370_length_606_cov_3.602541	5.9100876	6.026699	2.578711	0.47440007	565	606	20	0.0330033	736812.5663212979	0.6438544776299742
DD4_ita_i	SRR33841026.fna/SRR33841026_1.clean.fastq.gz	DD4_ita_i_NODE_310651_length_515_cov_4.897826	7.9945207	7.9848022	7.016454	0.6419601	515	515	23	0.044660196	736812.5663212979	0.8712664921082032
DD3_ita_i	SRR33841027.fna/SRR33841027_1.clean.fastq.gz	DD3_ita_i_NODE_2_length_580208_cov_47.029456	73.69385	73.52852	163.82169	6.44009	580208	580208	285320	0.49175468	748183.0639118578	8.607639374150143
DD3_ita_i	SRR33841027.fna/SRR33841027_1.clean.fastq.gz	DD3_ita_i_NODE_511_length_34531_cov_16.430473	25.409529	25.268785	48.428272	2.2152436	34531	34531	5841	0.16915235	748183.0639118578	2.9608309875629235
DD3_ita_i	SRR33841027.fna/SRR33841027_1.clean.fastq.gz	DD3_ita_i_NODE_2426_length_14944_cov_7.226745	11.31675	11.206368	16.802118	0.9850151	14944	14944	1124	0.07521413	748183.0639118578	1.316542899073218
DD3_ita_i	SRR33841027.fna/SRR33841027_1.clean.fastq.gz	DD3_ita_i_NODE_4731_length_10199_cov_5.655067	8.9272570000000009	8.769485	15.361247	0.771721	10199	10199	601	0.058927346	748183.0639118578	1.031460129510383
DD3_ita_i	SRR33841027.fna/SRR33841027_1.clean.fastq.gz	DD3_ita_i_NODE_5286_length_9494_cov_8.788961	14.248074	14.057313	39.63597	1.233195	9483	9494	894	0.09416474	748183.0639118578	1.6482530272100369
DD3_ita_i	SRR33841027.fna/SRR33841027_1.clean.fastq.gz	DD3_ita_i_NODE_8086_length_7164_cov_3.969475	6.2536354	6.105005	9.634362	0.5392746	7146	7164	295	0.04117811	748183.0639118578	0.7207789457040304
DD3_ita_i	SRR33841027.fna/SRR33841027_1.clean.fastq.gz	DD3_ita_i_NODE_14909_length_4719_cov_4.838765	8.218209	8.077073	15.433331	0.7021243	4719	4719	253	0.05361305	748183.0639118578	0.9384391786803612
DD3_ita_i	SRR33841027.fna/SRR33841027_1.clean.fastq.gz	DD3_ita_i_NODE_16970_length_4324_cov_7.747482	12.379492	12.383715	35.988724	1.0509626	4305	4324	347	0.08024977	748183.0639118578	1.404686433965862
DD3_ita_i	SRR33841027.fna/SRR33841027_1.clean.fastq.gz	DD3_ita_i_NODE_17206_length_4281_cov_7.671320	12.117889	12.033342	29.930653	1.0370457	4281	4281	339	0.0791871	748183.0639118578	1.3860855050337955
DD3_ita_i	SRR33841027.fna/SRR33841027_1.clean.fastq.gz	DD3_ita_i_NODE_23241_length_3481_cov_33.349971	50.806664	51.27176	340.70435	4.2775974	3481	3481	1137	0.32663026	748183.0639118578	5.717313858502331
DD3_ita_i	SRR33841027.fna/SRR33841027_1.clean.fastq.gz	DD3_ita_i_NODE_25749_length_3230_cov_3.381102	5.362987	5.2853537	5.533025	0.46221688	3230	3230	114	0.03529412	748183.0639118578	0.6177858097767006
DD3_ita_i	SRR33841027.fna/SRR33841027_1.clean.fastq.gz	DD3_ita_i_NODE_27623_length_3077_cov_49.574123	77.6686	77.72827	154.21078	6.6523476	3077	3077	1563	0.5079623	748183.0639118578	8.891336787574895
DD3_ita_i	SRR33841027.fna/SRR33841027_1.clean.fastq.gz	DD3_ita_i_NODE_28792_length_2989_cov_4.201772	7.2701654	6.944075	16.527054	0.61340255	2989	2989	140	0.046838406	748183.0639118578	0.819856235174369
DD3_ita_i	SRR33841027.fna/SRR33841027_1.clean.fastq.gz	DD3_ita_i_NODE_29948_length_2905_cov_4.268772	7.08167	6.943168	9.102623	0.59507436	2905	2905	132	0.045438897	748183.0639118578	0.7953593026934713
DD3_ita_i	SRR33841027.fna/SRR33841027_1.clean.fastq.gz	DD3_ita_i_NODE_30410_length_2876_cov_4.299539	6.9468083	6.817848	14.603039	0.5828604	2829	2876	128	0.04450626	748183.0639118578	0.7790344744674224
DD3_ita_i	SRR33841027.fna/SRR33841027_1.clean.fastq.gz	DD3_ita_i_NODE_31777_length_2789_cov_5.375274	9.940508	9.880522	14.736792	0.8311286	2763	2789	177	0.063463606	748183.0639118578	1.1108626218488071
DD3_ita_i	SRR33841027.fna/SRR33841027_1.clean.fastq.gz	DD3_ita_i_NODE_32018_length_2773_cov_14.601545	23.160503	23.245659	22.054705	1.9552122	2773	2773	414	0.14929679	748183.0639118578	2.6132804848284303
DD3_ita_i	SRR33841027.fna/SRR33841027_1.clean.fastq.gz	DD3_ita_i_NODE_32830_length_2724_cov_11.096665	16.99223	16.83693	25.908995	1.437499	2724	2724	299	0.10976505	748183.0639118578	1.9213198872533548
DD3_ita_i	SRR33841027.fna/SRR33841027_1.clean.fastq.gz	DD3_ita_i_NODE_34607_length_2627_cov_3.885692	6.5983043	6.537427	6.3971376	0.5633286	2627	2627	113	0.043014847	748183.0639118578	0.7529288314208149
DD3_ita_i	SRR33841027.fna/SRR33841027_1.clean.fastq.gz	DD3_ita_i_NODE_38399_length_2443_cov_17.115997	26.91801	26.898306	43.645096	2.256847	2438	2443	421	0.1723291	748183.0639118578	3.016436897408674
DD3_ita_i	SRR33841027.fna/SRR33841027_1.clean.fastq.gz	DD3_ita_i_NODE_38443_length_2441_cov_10.318106	17.069838	17.159962	25.303411	1.4807605	2441	2441	276	0.11306842	748183.0639118578	1.9791419659486518
DD3_ita_i	SRR33841027.fna/SRR33841027_1.clean.fastq.gz	DD3_ita_i_NODE_38649_length_2433_cov_2.743482	4.8418746	4.7698298	7.3829613	0.40370357	2413	2433	75	0.03082614	748183.0639118578	0.5395785997737576
DD3_ita_i	SRR33841027.fna/SRR33841027_1.clean.fastq.gz	DD3_ita_i_NODE_38918_length_2421_cov_11.310228	18.384853	18.447433	14.910862	1.5470868	2421	2421	286	0.118133	748183.0639118578	2.067791794044485
DD3_ita_i	SRR33841027.fna/SRR33841027_1.clean.fastq.gz	DD3_ita_i_NODE_42553_length_2273_cov_36.847610	57.996704	57.943485	117.03811	4.8916087	2273	2273	849	0.3735152	748183.0639118578	6.537983731447137
DD3_ita_i	SRR33841027.fna/SRR33841027_1.clean.fastq.gz	DD3_ita_i_NODE_44688_length_2196_cov_2.688463	4.336266	4.2079263	4.8912706	0.36378178	2196	2196	61	0.027777778	748183.0639118578	0.48622028156849134
DD3_ita_i	SRR33841027.fna/SRR33841027_1.clean.fastq.gz	DD3_ita_i_NODE_49124_length_2054_cov_3.543772	5.8019958	5.8092184	4.0937223	0.48457012	2054	2054	76	0.037000973	748183.0639118578	0.6476625085128717
DD3_ita_i	SRR33841027.fna/SRR33841027_1.clean.fastq.gz	DD3_ita_i_NODE_49951_length_2029_cov_98.952381	155.51198	156.16953	225.3256	13.096146	2029	2029	2029	1	748183.0639118578	17.503932702682555
DD3_ita_i	SRR33841027.fna/SRR33841027_1.clean.fastq.gz	DD3_ita_i_NODE_53521_length_1936_cov_3.121744	5.080627	5.096393	3.273048	0.41940132	1936	1936	62	0.032024793	748183.0639118578	0.5605597616807442
DD3_ita_i	SRR33841027.fna/SRR33841027_1.clean.fastq.gz	DD3_ita_i_NODE_61900_length_1750_cov_3.225959	4.965625	4.8645835	6.4772415	0.4041096	1746	1750	54	0.030857142	748183.0639118578	0.5401212878130686
DD3_ita_i	SRR33841027.fna/SRR33841027_1.clean.fastq.gz	DD3_ita_i_NODE_64793_length_1695_cov_7.391463	11.5792885	11.541337	10.188173	0.99669766	1689	1695	129	0.0761062	748183.0639118578	1.3321574733178125
DD3_ita_i	SRR33841027.fna/SRR33841027_1.clean.fastq.gz	DD3_ita_i_NODE_65600_length_1682_cov_2.760910	4.9203653	4.7956524	6.9185405	0.40487483	1682	1682	52	0.030915577	748183.0639118578	0.5411440722583606
DD3_ita_i	SRR33841027.fna/SRR33841027_1.clean.fastq.gz	DD3_ita_i_NODE_69630_length_1612_cov_22.989082	36.5	36.60562	34.069473	3.005939	1612	1612	370	0.22952853	748183.0639118578	4.017651755285021
DD3_ita_i	SRR33841027.fna/SRR33841027_1.clean.fastq.gz	DD3_ita_i_NODE_73714_length_1549_cov_94.792503	149.1694	149.91832	113.8362	12.419778	1549	1549	1469	0.94835377	748183.0639118578	16.599918655019373
DD3_ita_i	SRR33841027.fna/SRR33841027_1.clean.fastq.gz	DD3_ita_i_NODE_80542_length_1458_cov_5.511761	9.266055	8.92275	20.555021	0.75451034	1458	1458	84	0.057613168	748183.0639118578	1.008456855538884
DD3_ita_i	SRR33841027.fna/SRR33841027_1.clean.fastq.gz	DD3_ita_i_NODE_83040_length_1427_cov_5.760204	12.681284	12.2971325	73.86934	1.0186911	1418	1427	111	0.07778557	748183.0639118578	1.361553273705231
DD3_ita_i	SRR33841027.fna/SRR33841027_1.clean.fastq.gz	DD3_ita_i_NODE_84684_length_1408_cov_8.955654	14.095389	13.882716	30.867592	1.1719561	1408	1408	126	0.08948863	748183.0639118578	1.5664028718753065
DD3_ita_i	SRR33841027.fna/SRR33841027_1.clean.fastq.gz	DD3_ita_i_NODE_86099_length_1392_cov_5.865370	9.29066	9.310375	9.995225	0.7714683	1392	1392	82	0.058908045	748183.0639118578	1.0311223779463756
DD3_ita_i	SRR33841027.fna/SRR33841027_1.clean.fastq.gz	DD3_ita_i_NODE_92554_length_1323_cov_51.806782	80.516624	80.86849	105.21406	6.6025157	1323	1323	667	0.50415725	748183.0639118578	8.82473290090115
DD3_ita_i	SRR33841027.fna/SRR33841027_1.clean.fastq.gz	DD3_ita_i_NODE_94244_length_1307_cov_5.137380	8.727744	8.668264	10.404189	0.7014003	1285	1307	70	0.053557765	748183.0639118578	0.9374715010691966
DD3_ita_i	SRR33841027.fna/SRR33841027_1.clean.fastq.gz	DD3_ita_i_NODE_94853_length_1302_cov_1.892542	2.9557292	2.9315991	0.9684989	0.25146204	1302	1302	25	0.019201228	748183.0639118578	0.3360969422179066
DD3_ita_i	SRR33841027.fna/SRR33841027_1.clean.fastq.gz	DD3_ita_i_NODE_100058_length_1254_cov_16.690575	26.586956	26.450705	95.17467	2.1513603	1233	1254	206	0.16427432	748183.0639118578	2.875446403119128
DD3_ita_i	SRR33841027.fna/SRR33841027_1.clean.fastq.gz	DD3_ita_i_NODE_101393_length_1243_cov_2.789562	5.2058554	5.165482	5.7973294	0.42143667	1243	1243	40	0.03218021	748183.0639118578	0.563280152047987
DD3_ita_i	SRR33841027.fna/SRR33841027_1.clean.fastq.gz	DD3_ita_i_NODE_111329_length_1166_cov_5.005401	8.324803	8.324236	7.167305	0.6626694	1145	1166	59	0.050600342	748183.0639118578	0.8857048922428803
DD3_ita_i	SRR33841027.fna/SRR33841027_1.clean.fastq.gz	DD3_ita_i_NODE_113886_length_1148_cov_3.834401	6.4298596	6.4166665	10.359671	0.5019428	1148	1148	44	0.038327526	748183.0639118578	0.6708823337641509
DD3_ita_i	SRR33841027.fna/SRR33841027_1.clean.fastq.gz	DD3_ita_i_NODE_114004_length_1147_cov_9.611722	13.807423	13.895439	28.545204	1.1760268	1147	1147	103	0.08979948	748183.0639118578	1.571843652609792
DD3_ita_i	SRR33841027.fna/SRR33841027_1.clean.fastq.gz	DD3_ita_i_NODE_134947_length_1023_cov_4.012397	6.221077	6.2655654	11.209096	0.49926645	990	1023	39	0.038123168	748183.0639118578	0.667305201202493
DD3_ita_i	SRR33841027.fna/SRR33841027_1.clean.fastq.gz	DD3_ita_i_NODE_165819_length_891_cov_15.708134	24.897436	25.065968	28.01649	1.9401695	891	891	132	0.14814815	748183.0639118578	2.593174843942429
DD3_ita_i	SRR33841027.fna/SRR33841027_1.clean.fastq.gz	DD3_ita_i_NODE_170416_length_875_cov_3.126829	4.7475863	4.750383	2.597802	0.38914254	875	875	26	0.029714286	748183.0639118578	0.5201167451791507
DD3_ita_i	SRR33841027.fna/SRR33841027_1.clean.fastq.gz	DD3_ita_i_NODE_177975_length_850_cov_36.184906	55.932858	56.184128	77.06702	4.5297256	850	850	294	0.34588236	748183.0639118578	6.054301171048212
DD3_ita_i	SRR33841027.fna/SRR33841027_1.clean.fastq.gz	DD3_ita_i_NODE_245634_length_686_cov_3.679873	6.052239	6.0475206	6.954275	0.45817417	672	686	24	0.034985423	748183.0639118578	0.612382439672514
DD3_ita_i	SRR33841027.fna/SRR33841027_1.clean.fastq.gz	DD3_ita_i_NODE_388691_length_515_cov_0.889130	2.0986302	2.1155014	0.8089267	0.17800584	507	515	7	0.013592233	748183.0639118578	0.23791749450903177
DD2_ita_i	SRR33841028.fna/SRR33841028_1.clean.fastq.gz	DD2_ita_i_NODE_655_length_34531_cov_34.894390	53.6065	53.336555	125.384	3.9337666	34531	34531	12335	0.35721526	667456.3287484132	5.893668889733112
DD2_ita_i	SRR33841028.fna/SRR33841028_1.clean.fastq.gz	DD2_ita_i_NODE_9172_length_7810_cov_7.615087	14.58329	14.308965	35.99424	1.0617505	7810	7810	753	0.09641485	667456.3287484132	1.5907415276006913
DD2_ita_i	SRR33841028.fna/SRR33841028_1.clean.fastq.gz	DD2_ita_i_NODE_15976_length_5287_cov_7.194763	11.136656	11.051459	14.968853	0.8040009	5287	5287	386	0.07300927	667456.3287484132	1.2045745397419925
DD2_ita_i	SRR33841028.fna/SRR33841028_1.clean.fastq.gz	DD2_ita_i_NODE_19490_length_4609_cov_5.374177	8.614936	8.4911585	11.759944	0.623609	4605	4609	261	0.056628335	667456.3287484132	0.9343068199972964
DD2_ita_i	SRR33841028.fna/SRR33841028_1.clean.fastq.gz	DD2_ita_i_NODE_24250_length_3945_cov_4.446787	7.5230565	7.434592	10.457754	0.5359605	3919	3945	192	0.0486692	667456.3287484132	0.8029896143242976
DD2_ita_i	SRR33841028.fna/SRR33841028_1.clean.fastq.gz	DD2_ita_i_NODE_28612_length_3487_cov_5.058858	8.198381	8.175707	8.770587	0.5842495	3470	3487	185	0.053054202	667456.3287484132	0.8753374188474035
DD2_ita_i	SRR33841028.fna/SRR33841028_1.clean.fastq.gz	DD2_ita_i_NODE_29691_length_3391_cov_6.577938	10.234495	10.10593	18.315365	0.73718524	3390	3391	227	0.0669419	667456.3287484132	1.1044696233270266
DD2_ita_i	SRR33841028.fna/SRR33841028_1.clean.fastq.gz	DD2_ita_i_NODE_33089_length_3130_cov_13.455935	20.40839	20.123415	96.02014	1.4671358	3130	3130	417	0.13322684	667456.3287484132	2.1981000655894793
DD2_ita_i	SRR33841028.fna/SRR33841028_1.clean.fastq.gz	DD2_ita_i_NODE_33128_length_3127_cov_10.611979	16.663755	16.621782	92.73402	1.1832867	3126	3127	336	0.10745123	667456.3287484132	1.7728301448858095
DD2_ita_i	SRR33841028.fna/SRR33841028_1.clean.fastq.gz	DD2_ita_i_NODE_33922_length_3074_cov_19.398476	30.200068	30.204027	45.649654	2.2031791	3074	3074	615	0.20006506	667456.3287484132	3.300858805446209
DD2_ita_i	SRR33841028.fna/SRR33841028_1.clean.fastq.gz	DD2_ita_i_NODE_35096_length_2997_cov_38.458532	60.65894	60.429966	151.16725	4.3431945	2997	2997	1182	0.3943944	667456.3287484132	6.507084153571785
DD2_ita_i	SRR33841028.fna/SRR33841028_1.clean.fastq.gz	DD2_ita_i_NODE_36026_length_2942_cov_20.971943	23.868912	23.424025	193.88104	1.703128	2942	2942	455	0.1546567	667456.3287484132	2.5516695649491195
DD2_ita_i	SRR33841028.fna/SRR33841028_1.clean.fastq.gz	DD2_ita_i_NODE_42236_length_2609_cov_18.669146	29.22326	29.164333	81.80487	2.0640175	2609	2609	489	0.18742813	667456.3287484132	3.0923633668593133
DD2_ita_i	SRR33841028.fna/SRR33841028_1.clean.fastq.gz	DD2_ita_i_NODE_44602_length_2504_cov_6.251940	9.8338995	9.688208	17.029345	0.6948665	2472	2504	158	0.06309904	667456.3287484132	1.0410666137558173
DD2_ita_i	SRR33841028.fna/SRR33841028_1.clean.fastq.gz	DD2_ita_i_NODE_45351_length_2473_cov_14.806452	22.560051	22.33381	47.958817	1.6208986	2473	2473	364	0.14718965	667456.3287484132	2.4284713923372974
DD2_ita_i	SRR33841028.fna/SRR33841028_1.clean.fastq.gz	DD2_ita_i_NODE_45467_length_2468_cov_24.204724	26.64107	26.323755	97.05454	1.9097527	2468	2468	428	0.17341977	667456.3287484132	2.8612399309795893
DD2_ita_i	SRR33841028.fna/SRR33841028_1.clean.fastq.gz	DD2_ita_i_NODE_46615_length_2424_cov_33.515829	49.773087	49.575684	100.51603	3.566281	2424	2424	785	0.32384488	667456.3287484132	5.343092643510241
DD2_ita_i	SRR33841028.fna/SRR33841028_1.clean.fastq.gz	DD2_ita_i_NODE_46795_length_2418_cov_2.849344	4.707672	4.560235	6.8765717	0.34157297	2418	2418	75	0.03101737	667456.3287484132	0.5117532867513649
DD2_ita_i	SRR33841028.fna/SRR33841028_1.clean.fastq.gz	DD2_ita_i_NODE_46977_length_2411_cov_7.817063	12.396728	12.433415	19.073065	0.8861007	2392	2411	194	0.080464534	667456.3287484132	1.3275785423468525
DD2_ita_i	SRR33841028.fna/SRR33841028_1.clean.fastq.gz	DD2_ita_i_NODE_49474_length_2322_cov_15.672695	24.407919	24.438139	52.81555	1.7737318	2322	2322	374	0.16106805	667456.3287484132	2.657449968788264
DD2_ita_i	SRR33841028.fna/SRR33841028_1.clean.fastq.gz	DD2_ita_i_NODE_51636_length_2250_cov_90.447836	130.79237	130.79471	490.24655	9.309075	2250	2250	1902	0.84533334	667456.3287484132	13.947092265131408
DD2_ita_i	SRR33841028.fna/SRR33841028_1.clean.fastq.gz	DD2_ita_i_NODE_59371_length_2029_cov_37.720871	58.952103	58.86651	42.508884	4.200853	2029	2029	774	0.3814687	667456.3287484132	6.293824508155115
DD2_ita_i	SRR33841028.fna/SRR33841028_1.clean.fastq.gz	DD2_ita_i_NODE_61112_length_1985_cov_12.877720	20.770573	20.91712	20.776667	1.4479667	1963	1985	261	0.13148615	667456.3287484132	2.169380433795823
DD2_ita_i	SRR33841028.fna/SRR33841028_1.clean.fastq.gz	DD2_ita_i_NODE_61772_length_1970_cov_14.898172	22.435715	21.16911	561.40594	1.6490521	1970	1970	295	0.1497462	667456.3287484132	2.47065168007656
DD2_ita_i	SRR33841028.fna/SRR33841028_1.clean.fastq.gz	DD2_ita_i_NODE_63437_length_1931_cov_6.844350	10.812465	10.660012	9.965935	0.76418954	1931	1931	134	0.0693941	667456.3287484132	1.1449281504798627
DD2_ita_i	SRR33841028.fna/SRR33841028_1.clean.fastq.gz	DD2_ita_i_NODE_64524_length_1907_cov_79.876890	119.63347	120.52369	504.8952	8.563849	1907	1907	1483	0.77766126	667456.3287484132	12.830575771239713
DD2_ita_i	SRR33841028.fna/SRR33841028_1.clean.fastq.gz	DD2_ita_i_NODE_72888_length_1745_cov_3.344379	6.2382445	6.0257483	11.376079	0.43544394	1725	1745	69	0.039541546	667456.3287484132	0.6523931547949011
DD2_ita_i	SRR33841028.fna/SRR33841028_1.clean.fastq.gz	DD2_ita_i_NODE_74733_length_1714_cov_112.421941	175.7385	176.21307	184.659	12.425796	1714	1714	1934	1.1283547	667456.3287484132	18.616642714738123
DD2_ita_i	SRR33841028.fna/SRR33841028_1.clean.fastq.gz	DD2_ita_i_NODE_83975_length_1577_cov_3.318660	5.250876	5.2459145	6.4419255	0.37010312	1572	1577	53	0.033608116	667456.3287484132	0.5544978810733613
DD2_ita_i	SRR33841028.fna/SRR33841028_1.clean.fastq.gz	DD2_ita_i_NODE_85739_length_1552_cov_65.109552	101.72397	101.81775	143.05077	7.18071	1552	1552	1012	0.6520619	667456.3287484132	10.758321841767497
DD2_ita_i	SRR33841028.fna/SRR33841028_1.clean.fastq.gz	DD2_ita_i_NODE_86925_length_1537_cov_2.861673	4.668349	4.48759	6.00104	0.32241645	1537	1537	45	0.029277815	667456.3287484132	0.4830525026327672
DD2_ita_i	SRR33841028.fna/SRR33841028_1.clean.fastq.gz	DD2_ita_i_NODE_90171_length_1497_cov_3.787795	5.7156644	5.58615	10.790565	0.3898815	1470	1497	53	0.035404142	667456.3287484132	0.5841303516157975
DD2_ita_i	SRR33841028.fna/SRR33841028_1.clean.fastq.gz	DD2_ita_i_NODE_95389_length_1438_cov_4.174982	9.046584	8.913794	22.38788	0.62030417	1399	1438	81	0.056328233	667456.3287484132	0.9293554398730012
DD2_ita_i	SRR33841028.fna/SRR33841028_1.clean.fastq.gz	DD2_ita_i_NODE_95481_length_1437_cov_4.177279	6.289821	6.196721	7.8964996	0.4291507	1372	1437	56	0.038970076	667456.3287484132	0.6429644630154693
DD2_ita_i	SRR33841028.fna/SRR33841028_1.clean.fastq.gz	DD2_ita_i_NODE_97175_length_1419_cov_2.977273	5.048857	5.062117	6.1269484	0.3414671	1419	1419	44	0.031007752	667456.3287484132	0.5115946696322516
DD2_ita_i	SRR33841028.fna/SRR33841028_1.clean.fastq.gz	DD2_ita_i_NODE_102884_length_1363_cov_5.244648	8.192085	8.123513	12.232873	0.57364213	1363	1363	71	0.052090976	667456.3287484132	0.859445188085444
DD2_ita_i	SRR33841028.fna/SRR33841028_1.clean.fastq.gz	DD2_ita_i_NODE_107006_length_1325_cov_26.826772	41.81702	41.921623	54.870235	2.967091	1325	1325	357	0.26943398	667456.3287484132	4.4453709886364665
DD2_ita_i	SRR33841028.fna/SRR33841028_1.clean.fastq.gz	DD2_ita_i_NODE_111894_length_1284_cov_2.004068	3.585538	3.5714285	2.5165071	0.24872048	1284	1284	29	0.02258567	667456.3287484132	0.37263933127488724
DD2_ita_i	SRR33841028.fna/SRR33841028_1.clean.fastq.gz	DD2_ita_i_NODE_112568_length_1278_cov_2.556827	4.359929	4.1840553	7.6520576	0.29297233	1278	1278	34	0.02660407	667456.3287484132	0.4389385752763326
DD2_ita_i	SRR33841028.fna/SRR33841028_1.clean.fastq.gz	DD2_ita_i_NODE_115555_length_1253_cov_8.164441	12.42339	12.399798	16.246172	0.88766456	1253	1253	101	0.08060654	667456.3287484132	1.3299215570620362
DD2_ita_i	SRR33841028.fna/SRR33841028_1.clean.fastq.gz	DD2_ita_i_NODE_118677_length_1230_cov_17.757447	16.857407	13.80144	436.52832	1.4056368	1230	1230	157	0.12764227	667456.3287484132	2.105960704029569
DD2_ita_i	SRR33841028.fna/SRR33841028_1.clean.fastq.gz	DD2_ita_i_NODE_118844_length_1229_cov_4.143952	6.73772	6.8057556	5.037827	0.47490042	1229	1229	53	0.043124493	667456.3287484132	0.7115078538404359
DD2_ita_i	SRR33841028.fna/SRR33841028_1.clean.fastq.gz	DD2_ita_i_NODE_122679_length_1202_cov_4.299913	7.152091	7.1888185	9.084362	0.5038912	1202	1202	55	0.04575707	667456.3287484132	0.7549425757110972
DD2_ita_i	SRR33841028.fna/SRR33841028_1.clean.fastq.gz	DD2_ita_i_NODE_124258_length_1192_cov_2.254178	3.5028791	3.391258	2.9995112	0.24944	1192	1192	27	0.022651007	667456.3287484132	0.373717334387614
DD2_ita_i	SRR33841028.fna/SRR33841028_1.clean.fastq.gz	DD2_ita_i_NODE_125172_length_1185_cov_25.191150	36.510143	36.31833	77.60799	2.546307	1185	1185	274	0.23122363	667456.3287484132	3.814941727760272
DD2_ita_i	SRR33841028.fna/SRR33841028_1.clean.fastq.gz	DD2_ita_i_NODE_125680_length_1182_cov_4.464951	7.237403	7.2462363	12.7205	0.49378395	1182	1182	53	0.044839256	667456.3287484132	0.7397996374173625
DD2_ita_i	SRR33841028.fna/SRR33841028_1.clean.fastq.gz	DD2_ita_i_NODE_128268_length_1165_cov_45.104505	59.902462	59.913662	74.35833	4.1213465	1165	1165	436	0.37424892	667456.3287484132	6.174705853382467
DD2_ita_i	SRR33841028.fna/SRR33841028_1.clean.fastq.gz	DD2_ita_i_NODE_129440_length_1158_cov_3.440617	5.40873	5.3986783	4.662963	0.38990057	1158	1158	41	0.03540587	667456.3287484132	0.5841589227734578
DD2_ita_i	SRR33841028.fna/SRR33841028_1.clean.fastq.gz	DD2_ita_i_NODE_131351_length_1146_cov_5.287809	6.8453817	6.752784	4.8303404	0.46124873	1136	1146	48	0.041884817	667456.3287484132	0.6910545456433304
DD2_ita_i	SRR33841028.fna/SRR33841028_1.clean.fastq.gz	DD2_ita_i_NODE_132202_length_1141_cov_3.419890	5.6458125	5.6741323	6.7905855	0.38605833	1141	1141	40	0.035056967	667456.3287484132	0.5784023813571755
DD2_ita_i	SRR33841028.fna/SRR33841028_1.clean.fastq.gz	DD2_ita_i_NODE_143797_length_1074_cov_2.803729	4.264069	4.1021633	8.660419	0.29735297	1074	1074	29	0.027001861	667456.3287484132	0.44550176122771074
DD2_ita_i	SRR33841028.fna/SRR33841028_1.clean.fastq.gz	DD2_ita_i_NODE_149800_length_1044_cov_2.714863	4.420582	4.462779	3.634783	0.29534942	1008	1044	28	0.026819924	667456.3287484132	0.44249999180295
DD2_ita_i	SRR33841028.fna/SRR33841028_1.clean.fastq.gz	DD2_ita_i_NODE_150312_length_1041_cov_10.813387	16.814816	16.77584	16.144321	1.1742237	1041	1041	111	0.10662824	667456.3287484132	1.7592517284267215
DD2_ita_i	SRR33841028.fna/SRR33841028_1.clean.fastq.gz	DD2_ita_i_NODE_155124_length_1019_cov_2.756224	4.4994245	4.4278417	4.105127	0.30259547	1019	1019	28	0.02747792	667456.3287484132	0.45335620768989426
DD2_ita_i	SRR33841028.fna/SRR33841028_1.clean.fastq.gz	DD2_ita_i_NODE_155737_length_1016_cov_2.859521	4.572748	4.5897436	3.7455688	0.30348897	1016	1016	28	0.027559055	667456.3287484132	0.45469487205116493
DD2_ita_i	SRR33841028.fna/SRR33841028_1.clean.fastq.gz	DD2_ita_i_NODE_162832_length_985_cov_8.216129	14.013174	13.895086	22.566969	0.92794114	985	985	83	0.08426396	667456.3287484132	1.3902649507272442
DD2_ita_i	SRR33841028.fna/SRR33841028_1.clean.fastq.gz	DD2_ita_i_NODE_173221_length_944_cov_2.844769	4.6952143	4.75	2.9561691	0.31497085	944	944	27	0.028601695	667456.3287484132	0.47189731587476363
DD2_ita_i	SRR33841028.fna/SRR33841028_1.clean.fastq.gz	DD2_ita_i_NODE_201364_length_850_cov_77.959748	120.08143	120.709526	63.104973	8.239802	850	850	636	0.7482353	667456.3287484132	12.345080337242345
DD2_ita_i	SRR33841028.fna/SRR33841028_1.clean.fastq.gz	DD2_ita_i_NODE_213519_length_816_cov_9.453351	14.77027	14.943334	12.667446	0.9716747	816	816	72	0.0882353	667456.3287484132	1.4557876795056308
DD1_ita_i	SRR33841029.fna/SRR33841029_1.clean.fastq.gz	DD1_ita_i_NODE_4742_length_9764_cov_15.878669	26.201477	26.220823	66.1085	3.4783068	9764	9764	1699	0.17400655	706618.4878970828	4.922467865724179
DD1_ita_i	SRR33841029.fna/SRR33841029_1.clean.fastq.gz	DD1_ita_i_NODE_7952_length_6897_cov_7.679480	12.021788	11.313519	42.744118	1.5766706	6897	6897	544	0.07887487	706618.4878970828	2.231289765276617
DD1_ita_i	SRR33841029.fna/SRR33841029_1.clean.fastq.gz	DD1_ita_i_NODE_15286_length_4310_cov_21.798825	19.232933	19.049679	126.98807	2.518401	4310	4310	543	0.12598608	706618.4878970828	3.564017985850943
DD1_ita_i	SRR33841029.fna/SRR33841029_1.clean.fastq.gz	DD1_ita_i_NODE_19028_length_3664_cov_9.528124	14.614684	14.501265	25.858881	1.8985678	3664	3664	348	0.09497817	706618.4878970828	2.6868357289238114
DD1_ita_i	SRR33841029.fna/SRR33841029_1.clean.fastq.gz	DD1_ita_i_NODE_20755_length_3436_cov_5.966578	9.243761	9.102096	16.746347	1.2100755	3436	3436	208	0.060535505	706618.4878970828	1.7124877437062538
DD1_ita_i	SRR33841029.fna/SRR33841029_1.clean.fastq.gz	DD1_ita_i_NODE_21773_length_3315_cov_27.451534	23.549763	23.298702	60.831047	3.0632503	3315	3315	508	0.15324284	706618.4878970828	4.335083715565272
DD1_ita_i	SRR33841029.fna/SRR33841029_1.clean.fastq.gz	DD1_ita_i_NODE_21987_length_3294_cov_5.967583	9.326336	9.2943460000000009	10.728345	1.2318981	3294	3294	203	0.0616272	706618.4878970828	1.7433708869777305
DD1_ita_i	SRR33841029.fna/SRR33841029_1.clean.fastq.gz	DD1_ita_i_NODE_22112_length_3281_cov_4.437074	7.280741	7.2678256	8.961734	0.93824613	3281	3281	154	0.04693691	706618.4878970828	1.3277973136426813
DD1_ita_i	SRR33841029.fna/SRR33841029_1.clean.fastq.gz	DD1_ita_i_NODE_24877_length_3003_cov_4.024084	6.7553453	6.5652003	9.24868	0.8653471	3003	3003	130	0.043290045	706618.4878970828	1.2246312753226967
DD1_ita_i	SRR33841029.fna/SRR33841029_1.clean.fastq.gz	DD1_ita_i_NODE_25265_length_2968_cov_8.253004	13.709723	13.343577	69.194374	1.7578384	2968	2968	261	0.087938	706618.4878970828	2.487676773404809
DD1_ita_i	SRR33841029.fna/SRR33841029_1.clean.fastq.gz	DD1_ita_i_NODE_25323_length_2963_cov_6.579436	10.423747	10.040664	27.476847	1.3492755	2963	2963	200	0.06749915	706618.4878970828	1.9094823063793354
DD1_ita_i	SRR33841029.fna/SRR33841029_1.clean.fastq.gz	DD1_ita_i_NODE_25529_length_2947_cov_4.778700	7.825885	7.771338	8.434982	1.0174508	2947	2947	150	0.05089922	706618.4878970828	1.4398870358288576
DD1_ita_i	SRR33841029.fna/SRR33841029_1.clean.fastq.gz	DD1_ita_i_NODE_25701_length_2930_cov_17.213565	27.096403	27.116306	159.81004	3.5203383	2914	2930	516	0.17610921	706618.4878970828	4.981950458834766
DD1_ita_i	SRR33841029.fna/SRR33841029_1.clean.fastq.gz	DD1_ita_i_NODE_25922_length_2910_cov_14.700876	22.985508	22.942432	45.520638	2.9881237	2910	2910	435	0.14948453	706618.4878970828	4.228765240621914
DD1_ita_i	SRR33841029.fna/SRR33841029_1.clean.fastq.gz	DD1_ita_i_NODE_26220_length_2885_cov_10.932509	17.2	17.169712	56.69845	2.1894932	2885	2885	316	0.109532066	706618.4878970828	3.09855068541441
DD1_ita_i	SRR33841029.fna/SRR33841029_1.clean.fastq.gz	DD1_ita_i_NODE_27368_length_2796_cov_3.833273	6.118292	5.8988247	12.978441	0.83647126	2796	2796	117	0.041845493	706618.4878970828	1.1837664515251545
DD1_ita_i	SRR33841029.fna/SRR33841029_1.clean.fastq.gz	DD1_ita_i_NODE_30541_length_2584_cov_7.795571	13.025062	13.078923	23.705488	1.694158	2584	2584	219	0.08475232	706618.4878970828	2.3975568556688396
DD1_ita_i	SRR33841029.fna/SRR33841029_1.clean.fastq.gz	DD1_ita_i_NODE_31127_length_2549_cov_9.643945	15.314714	15.151319	12.169054	2.0075781	2549	2549	256	0.10043154	706618.4878970828	2.8411061051835915
DD1_ita_i	SRR33841029.fna/SRR33841029_1.clean.fastq.gz	DD1_ita_i_NODE_31133_length_2549_cov_4.407378	6.660275	6.5349374	8.282787	0.84694695	2520	2549	108	0.042369556	706618.4878970828	1.1985915518861368
DD1_ita_i	SRR33841029.fna/SRR33841029_1.clean.fastq.gz	DD1_ita_i_NODE_31602_length_2519_cov_10.280438	18.087801	18.228786	43.683144	2.3092296	2488	2519	291	0.115522034	706618.4878970828	3.2680005399693615
DD1_ita_i	SRR33841029.fna/SRR33841029_1.clean.fastq.gz	DD1_ita_i_NODE_33219_length_2426_cov_4.320962	6.642355	6.3765855	13.078189	0.8486893	2418	2426	103	0.04245672	706618.4878970828	1.2010573096179864
DD1_ita_i	SRR33841029.fna/SRR33841029_1.clean.fastq.gz	DD1_ita_i_NODE_36188_length_2274_cov_4.292925	8.658663	8.653243	12.708207	1.0900177	2251	2274	124	0.054529462	706618.4878970828	1.542583046820533
DD1_ita_i	SRR33841029.fna/SRR33841029_1.clean.fastq.gz	DD1_ita_i_NODE_42330_length_2029_cov_27.239615	43.16764	43.155937	86.4346	5.4973636	2029	2029	558	0.2750123	706618.4878970828	7.779818521816935
DD1_ita_i	SRR33841029.fna/SRR33841029_1.clean.fastq.gz	DD1_ita_i_NODE_54855_length_1671_cov_4.130569	7.522025	7.5734115	2.9378366	0.945046	1671	1671	79	0.047277078	706618.4878970828	1.33742042726972
DD1_ita_i	SRR33841029.fna/SRR33841029_1.clean.fastq.gz	DD1_ita_i_NODE_56190_length_1642_cov_63.114052	97.763405	97.875	129.41214	12.685186	1642	1642	1042	0.63459194	706618.4878970828	17.951958825407303
DD1_ita_i	SRR33841029.fna/SRR33841029_1.clean.fastq.gz	DD1_ita_i_NODE_58371_length_1597_cov_13.114137	21.098825	21.077513	23.520649	2.6786203	1597	1597	214	0.13400126	706618.4878970828	3.790758869006742
DD1_ita_i	SRR33841029.fna/SRR33841029_1.clean.fastq.gz	DD1_ita_i_NODE_71053_length_1387_cov_3.352853	5.6160064	5.5309415	7.47298	0.69177854	1387	1387	48	0.034607064	706618.4878970828	0.9789986419103655
DD1_ita_i	SRR33841029.fna/SRR33841029_1.clean.fastq.gz	DD1_ita_i_NODE_75766_length_1324_cov_4.665879	7.7333903	7.662571	12.040538	0.936065	1293	1324	62	0.046827793	706618.4878970828	1.3247105984811645
DD1_ita_i	SRR33841029.fna/SRR33841029_1.clean.fastq.gz	DD1_ita_i_NODE_76364_length_1317_cov_18.263867	28.263924	28.305424	57.938866	3.5820243	1317	1317	236	0.17919514	706618.4878970828	5.069247919991747
DD1_ita_i	SRR33841029.fna/SRR33841029_1.clean.fastq.gz	DD1_ita_i_NODE_76612_length_1314_cov_22.452740	34.50258	34.892174	87.77902	4.3660517	1314	1314	287	0.21841705	706618.4878970828	6.178796302080203
DD1_ita_i	SRR33841029.fna/SRR33841029_1.clean.fastq.gz	DD1_ita_i_NODE_77898_length_1299_cov_2.442926	3.986075	3.9236715	2.9301198	0.5078168	1299	1299	33	0.025404157	706618.4878970828	0.7186576755319233
DD1_ita_i	SRR33841029.fna/SRR33841029_1.clean.fastq.gz	DD1_ita_i_NODE_86840_length_1200_cov_6.947598	11.134286	11.264271	24.491964	1.432582	1200	1200	86	0.071666665	706618.4878970828	2.027376900742303
DD1_ita_i	SRR33841029.fna/SRR33841029_1.clean.fastq.gz	DD1_ita_i_NODE_97956_length_1102_cov_1.870105	2.8476892	2.8379953	1.1471238	0.38092545	1102	1102	21	0.01905626	706618.4878970828	0.5390822013922184
DD1_ita_i	SRR33841029.fna/SRR33841029_1.clean.fastq.gz	DD1_ita_i_NODE_108545_length_1025_cov_2.511340	3.832	3.7794676	2.3298676	0.50705117	1025	1025	26	0.025365854	706618.4878970828	0.7175741629814966
DD1_ita_i	SRR33841029.fna/SRR33841029_1.clean.fastq.gz	DD1_ita_i_NODE_109328_length_1019_cov_4.721992	7.8089757	7.8429117	13.431213	0.92198944	1019	1019	47	0.04612365	706618.4878970828	1.3047909951293057
DD1_ita_i	SRR33841029.fna/SRR33841029_1.clean.fastq.gz	DD1_ita_i_NODE_128492_length_911_cov_2.567757	4.693824	4.674453	2.3785014	0.5705021	907	911	26	0.028540066	706618.4878970828	0.8073693368791283
DD1_ita_i	SRR33841029.fna/SRR33841029_1.clean.fastq.gz	DD1_ita_i_NODE_141486_length_850_cov_42.108176	65.54143	65.795235	129.70499	8.183943	850	850	348	0.40941176	706618.4878970828	11.58184103610939
DD1_ita_i	SRR33841029.fna/SRR33841029_1.clean.fastq.gz	DD1_ita_i_NODE_141948_length_848_cov_24.604035	39.127506	39.279366	58.955032	4.8323717	848	848	205	0.24174528	706618.4878970828	6.838728087035027
DD1_ita_i	SRR33841029.fna/SRR33841029_1.clean.fastq.gz	DD1_ita_i_NODE_290907_length_522_cov_1.974304	3.155914	3.1904762	1.3179435	0.38294095	522	522	10	0.019157087	706618.4878970828	0.541934518497589
CS4_ita_i	SRR33841030.fna/SRR33841030_1.clean.fastq.gz	CS4_ita_i_NODE_1936_length_5164_cov_9.677823	15.020343	14.791537	50.14162	3.5385554	5123	5164	507	0.098179705	410294.35386401386	8.624431135049944
CS4_ita_i	SRR33841030.fna/SRR33841030_1.clean.fastq.gz	CS4_ita_i_NODE_3031_length_3739_cov_3.318404	5.3541374	5.301145	5.3965693	1.262758	3739	3739	131	0.035036106	410294.35386401386	3.0776879771992256
CS4_ita_i	SRR33841030.fna/SRR33841030_1.clean.fastq.gz	CS4_ita_i_NODE_5685_length_2390_cov_5.199572	8.586607	8.334326	17.452972	1.975503	2390	2390	131	0.054811716	410294.35386401386	4.814843249475356
CS4_ita_i	SRR33841030.fna/SRR33841030_1.clean.fastq.gz	CS4_ita_i_NODE_5880_length_2334_cov_17.887231	29.127289	29.012207	74.17711	6.763594	2334	2334	438	0.18766066	410294.35386401386	16.484735742285395
CS4_ita_i	SRR33841030.fna/SRR33841030_1.clean.fastq.gz	CS4_ita_i_NODE_6206_length_2236_cov_8.298028	13.013903000000001	12.971246	34.212276	3.0625706	2236	2236	190	0.084973164	410294.35386401386	7.4643254803721835
CS4_ita_i	SRR33841030.fna/SRR33841030_1.clean.fastq.gz	CS4_ita_i_NODE_6212_length_2234_cov_18.087196	28.461132	28.50853	39.24622	6.5984874	2234	2234	409	0.18307967	410294.35386401386	16.082325622708847
CS4_ita_i	SRR33841030.fna/SRR33841030_1.clean.fastq.gz	CS4_ita_i_NODE_6859_length_2080_cov_3.896790	6.425389	6.489068	6.9174485	1.455527	2033	2080	84	0.040384617	410294.35386401386	3.5475189611856406
CS4_ita_i	SRR33841030.fna/SRR33841030_1.clean.fastq.gz	CS4_ita_i_NODE_7709_length_1918_cov_2.714976	4.190611	4.2060304	2.4146948	0.9959362	1918	1918	53	0.027632952	410294.35386401386	2.4273699860127462
CS4_ita_i	SRR33841030.fna/SRR33841030_1.clean.fastq.gz	CS4_ita_i_NODE_7850_length_1893_cov_9.450490	15.639128	15.291905	47.465	3.503253	1872	1893	184	0.097200215	410294.35386401386	8.538389492830074
CS4_ita_i	SRR33841030.fna/SRR33841030_1.clean.fastq.gz	CS4_ita_i_NODE_8083_length_1848_cov_2.211935	3.7444053	3.6888888	3.4254992	0.8581338	1794	1848	44	0.023809524	410294.35386401386	2.091507699090629
CS4_ita_i	SRR33841030.fna/SRR33841030_1.clean.fastq.gz	CS4_ita_i_NODE_8348_length_1805_cov_3.522286	5.90997	5.7733064	11.541467	1.3378328	1805	1805	67	0.037119113	410294.35386401386	3.2606658790225644
CS4_ita_i	SRR33841030.fna/SRR33841030_1.clean.fastq.gz	CS4_ita_i_NODE_12211_length_1402_cov_7.144024	10.958467	11.026596	22.097397	2.5450215	1402	1402	99	0.07061341	410294.35386401386	6.202916213766643
CS4_ita_i	SRR33841030.fna/SRR33841030_1.clean.fastq.gz	CS4_ita_i_NODE_12221_length_1401_cov_10.343982	16.501999	16.653948	9.997394	3.755943	1401	1401	146	0.10421128	410294.35386401386	9.154264407072132
CS4_ita_i	SRR33841030.fna/SRR33841030_1.clean.fastq.gz	CS4_ita_i_NODE_13617_length_1307_cov_5.248403	8.707865	8.620326	18.980333	1.9303086	1307	1307	70	0.053557765	410294.35386401386	4.704692087085783
CS4_ita_i	SRR33841030.fna/SRR33841030_1.clean.fastq.gz	CS4_ita_i_NODE_15424_length_1203_cov_13.088850	20.762583	20.637514	28.460693	4.943364	1203	1203	165	0.13715711	410294.35386401386	12.048335429052495
CS4_ita_i	SRR33841030.fna/SRR33841030_1.clean.fastq.gz	CS4_ita_i_NODE_16335_length_1159_cov_1.682065	2.8235877	2.7568758	2.361705	0.6219434	1159	1159	20	0.017256256	410294.35386401386	1.5158468405493444
CS4_ita_i	SRR33841030.fna/SRR33841030_1.clean.fastq.gz	CS4_ita_i_NODE_19354_length_1038_cov_1.956256	3.2815316	3.2125	2.7684524	0.7291657	1022	1038	21	0.020231213	410294.35386401386	1.777177027012347
CS4_ita_i	SRR33841030.fna/SRR33841030_1.clean.fastq.gz	CS4_ita_i_NODE_20873_length_988_cov_2.951768	6.2887826	6.335979	6.4995394	1.3862162	988	988	38	0.03846154	410294.35386401386	3.378589510055606
CS4_ita_i	SRR33841030.fna/SRR33841030_1.clean.fastq.gz	CS4_ita_i_NODE_21197_length_978_cov_2.799567	4.6038647	4.61126	2.1064909	1.0318663	978	978	28	0.028629856	410294.35386401386	2.514941505488026
CS4_ita_i	SRR33841030.fna/SRR33841030_1.clean.fastq.gz	CS4_ita_i_NODE_22942_length_932_cov_3.215507	5.69821	5.713068	6.3236585	1.2761517	901	932	33	0.035407726	410294.35386401386	3.1103321017743326
CS4_ita_i	SRR33841030.fna/SRR33841030_1.clean.fastq.gz	CS4_ita_i_NODE_26524_length_850_cov_3.642767	6.2385716	6.2650795	2.5052342	1.356861	850	850	32	0.037647057	410294.35386401386	3.3070428272325487
CS3_ita_i	SRR33841031.fna/SRR33841031_1.clean.fastq.gz	CS3_ita_i_NODE_424_length_19789_cov_19.176244	30.771423	18.90581	3621.4575	4.5720043	19789	19789	4058	0.20506342	677968.429208959	6.7436831908744335
CS3_ita_i	SRR33841031.fna/SRR33841031_1.clean.fastq.gz	CS3_ita_i_NODE_1416_length_10066_cov_11.675257	18.441912	18.074501	60.904842	2.7199430000000002	10066	10066	1228	0.12199483	677968.429208959	4.011902151806065
CS3_ita_i	SRR33841031.fna/SRR33841031_1.clean.fastq.gz	CS3_ita_i_NODE_4828_length_4446_cov_5.215213	8.49325	8.086866	30.597857	1.2286128	4446	4446	245	0.055105712	677968.429208959	1.812197658574637
CS3_ita_i	SRR33841031.fna/SRR33841031_1.clean.fastq.gz	CS3_ita_i_NODE_5158_length_4252_cov_7.035740	7.210629	7.062026	15.074376000000001	1.0591965	4252	4252	202	0.047507055	677968.429208959	1.5623094739615693
CS3_ita_i	SRR33841031.fna/SRR33841031_1.clean.fastq.gz	CS3_ita_i_NODE_6835_length_3525_cov_40.880403	54.208	45.32017	5560.4067	7.836653	3525	3525	1239	0.35148937	677968.429208959	11.559023491910475
CS3_ita_i	SRR33841031.fna/SRR33841031_1.clean.fastq.gz	CS3_ita_i_NODE_8727_length_2988_cov_17.963860	29.355885	29.360329	43.088673	4.223323	2988	2988	566	0.18942437	677968.429208959	6.229380039019951
CS3_ita_i	SRR33841031.fna/SRR33841031_1.clean.fastq.gz	CS3_ita_i_NODE_9059_length_2913_cov_4.263471	7.041983	6.969441	11.6999035	1.0103035	2913	2913	132	0.04531411	677968.429208959	1.4901925465449821
CS3_ita_i	SRR33841031.fna/SRR33841031_1.clean.fastq.gz	CS3_ita_i_NODE_10011_length_2723_cov_8.257121	13.739604	13.3763485	35.78131	1.9650881	2723	2723	240	0.08813808	677968.429208959	2.8984949967254794
CS3_ita_i	SRR33841031.fna/SRR33841031_1.clean.fastq.gz	CS3_ita_i_NODE_11920_length_2437_cov_9.029807	14.225185	14.365226	28.77298	2.0859206	2437	2437	228	0.093557656	677968.429208959	3.0767223223562397
CS3_ita_i	SRR33841031.fna/SRR33841031_1.clean.fastq.gz	CS3_ita_i_NODE_12840_length_2324_cov_18.626267	29.462282	29.783964	175.80045	4.2787523	2324	2324	446	0.1919105	677968.429208959	6.311137975838151
CS3_ita_i	SRR33841031.fna/SRR33841031_1.clean.fastq.gz	CS3_ita_i_NODE_15686_length_2044_cov_62.149321	97.54805	97.77198	190.86595	14.03835	2044	2044	1287	0.62964773	677968.429208959	20.706495162879023
CS3_ita_i	SRR33841031.fna/SRR33841031_1.clean.fastq.gz	CS3_ita_i_NODE_17329_length_1915_cov_103.156452	161.68611	162.2876	248.89143	23.226969	1915	1915	1995	1.0417755	677968.429208959	34.25966165873062
CS3_ita_i	SRR33841031.fna/SRR33841031_1.clean.fastq.gz	CS3_ita_i_NODE_17980_length_1870_cov_7.138292	10.711046	10.574289	24.318436	1.6453409	1870	1870	138	0.073796794	677968.429208959	2.42686949585507
CS3_ita_i	SRR33841031.fna/SRR33841031_1.clean.fastq.gz	CS3_ita_i_NODE_18051_length_1865_cov_8.713260	13.909621	13.7320385	36.16628	1.9725295	1865	1865	165	0.08847185	677968.429208959	2.909471024043864
CS3_ita_i	SRR33841031.fna/SRR33841031_1.clean.fastq.gz	CS3_ita_i_NODE_18207_length_1856_cov_4.246530	6.7543964	6.732422	8.240524	0.9610156	1856	1856	80	0.04310345	677968.429208959	1.417493143628082
CS3_ita_i	SRR33841031.fna/SRR33841031_1.clean.fastq.gz	CS3_ita_i_NODE_18459_length_1839_cov_69.932175	105.45352	105.293884	235.94713	14.997069	1839	1839	1237	0.6726482	677968.429208959	22.120600833136585
CS3_ita_i	SRR33841031.fna/SRR33841031_1.clean.fastq.gz	CS3_ita_i_NODE_20017_length_1752_cov_28.166765	44.416355	44.77531	71.15506	6.3501625	1752	1752	499	0.28481734	677968.429208959	9.366457531671868
CS3_ita_i	SRR33841031.fna/SRR33841031_1.clean.fastq.gz	CS3_ita_i_NODE_21175_length_1696_cov_3.577697	5.6662354	5.590517	7.2115064	0.801904	1659	1696	61	0.03596698	677968.429208959	1.1828043393342766
CS3_ita_i	SRR33841031.fna/SRR33841031_1.clean.fastq.gz	CS3_ita_i_NODE_21214_length_1693_cov_6.741148	11.182761	10.7825775	39.283054	1.5408038	1692	1693	117	0.06910809	677968.429208959	2.2726778027079835
CS3_ita_i	SRR33841031.fna/SRR33841031_1.clean.fastq.gz	CS3_ita_i_NODE_22250_length_1647_cov_12.933417	20.821644	20.739065	109.213486	2.8969338	1647	1647	214	0.12993321	677968.429208959	4.272962685563527
CS3_ita_i	SRR33841031.fna/SRR33841031_1.clean.fastq.gz	CS3_ita_i_NODE_28142_length_1427_cov_3.222303	5.108849	4.980886	6.799272	0.7343317	1427	1427	47	0.03293623	677968.429208959	1.083135539005562
CS3_ita_i	SRR33841031.fna/SRR33841031_1.clean.fastq.gz	CS3_ita_i_NODE_28940_length_1404_cov_2.022239	3.2200956	3.138938	2.92199	0.4764009	1404	1404	30	0.021367522	677968.429208959	0.7026889151104805
CS3_ita_i	SRR33841031.fna/SRR33841031_1.clean.fastq.gz	CS3_ita_i_NODE_29074_length_1399_cov_76.284226	120.827065	120.97244	266.33865	17.020487	1399	1399	1068	0.7634024	677968.429208959	25.10513213699226
CS3_ita_i	SRR33841031.fna/SRR33841031_1.clean.fastq.gz	CS3_ita_i_NODE_29532_length_1386_cov_9.662660	14.949839	14.755835	34.442825	2.1073005	1386	1386	131	0.0945166	677968.429208959	3.108257566593122
CS3_ita_i	SRR33841031.fna/SRR33841031_1.clean.fastq.gz	CS3_ita_i_NODE_32819_length_1298_cov_36.236525	57.005226	56.9323	128.10461	8.021593	1298	1298	467	0.35978428	677968.429208959	11.831809055414935
CS3_ita_i	SRR33841031.fna/SRR33841031_1.clean.fastq.gz	CS3_ita_i_NODE_36561_length_1216_cov_22.757106	36.479362	36.866665	63.509888	5.060506	1216	1216	276	0.22697368	677968.429208959	7.46422072470912
CS3_ita_i	SRR33841031.fna/SRR33841031_1.clean.fastq.gz	CS3_ita_i_NODE_45608_length_1064_cov_26.043608	40.870895	40.947815	30.49153	5.678663	1064	1064	271	0.25469926	677968.429208959	8.375999169497847
CS3_ita_i	SRR33841031.fna/SRR33841031_1.clean.fastq.gz	CS3_ita_i_NODE_54669_length_954_cov_30.086763	48.416668	48.96823	58.265762	6.5204	954	954	279	0.29245284	677968.429208959	9.617556982126562
CS3_ita_i	SRR33841031.fna/SRR33841031_1.clean.fastq.gz	CS3_ita_i_NODE_60428_length_899_cov_3.450237	4.873164	4.88	1.6403084000000001	0.71921164	899	899	29	0.032258064	677968.429208959	1.0608335270702247
CS3_ita_i	SRR33841031.fna/SRR33841031_1.clean.fastq.gz	CS3_ita_i_NODE_65967_length_854_cov_68.543179	104.767044	105.43533	114.6939	14.698361	854	854	563	0.65925056	677968.429208959	21.680008045728286
CS3_ita_i	SRR33841031.fna/SRR33841031_1.clean.fastq.gz	CS3_ita_i_NODE_68207_length_838_cov_291.315453	447.71658	453.0274	4394.8066	61.24628	838	838	2302	2.7470167	677968.429208959	90.3379528622904
CS3_ita_i	SRR33841031.fna/SRR33841031_1.clean.fastq.gz	CS3_ita_i_NODE_75951_length_789_cov_9.168937	13.968701	14.216638	12.080525	1.893286	789	789	67	0.08491762	677968.429208959	2.7925872628155433
CS3_ita_i	SRR33841031.fna/SRR33841031_1.clean.fastq.gz	CS3_ita_i_NODE_133260_length_579_cov_2.900763	4.5431237	4.571059	3.2300284	0.61611223	579	579	16	0.027633851	677968.429208959	0.9087624193929921
CS3_ita_i	SRR33841031.fna/SRR33841031_1.clean.fastq.gz	CS3_ita_i_NODE_152754_length_540_cov_10.470103	14.44359	14.551136	12.735884	1.8992516	540	540	46	0.085185185	677968.429208959	2.8013864926070546
CS3_ita_i	SRR33841031.fna/SRR33841031_1.clean.fastq.gz	CS3_ita_i_NODE_162697_length_523_cov_107.228632	152.30295	154.09792	135.77083	20.206686	523	523	474	0.9063097	677968.429208959	29.804759527780355
CAR2_ita_i	SRR33841032.fna/SRR33841032_1.clean.fastq.gz	CAR2_ita_i_NODE_2_length_500152_cov_36.201605	49.469135	49.333916	116.52521	39.44015	500152	500152	165084	0.33006766	911822.9465517596	43.25417576860815
CAR2_ita_i	SRR33841032.fna/SRR33841032_1.clean.fastq.gz	CAR2_ita_i_NODE_477_length_12945_cov_10.008534	14.964439	14.68299	34.020382	11.842958	12942	12945	1283	0.099111624	911822.9465517596	12.988221062857113
CAR2_ita_i	SRR33841032.fna/SRR33841032_1.clean.fastq.gz	CAR2_ita_i_NODE_724_length_9618_cov_6.954617	9.536016	9.452241	16.754270000000002	7.52876	9543	9618	606	0.06300686	911822.9465517596	8.256822257513377
CAR2_ita_i	SRR33841032.fna/SRR33841032_1.clean.fastq.gz	CAR2_ita_i_NODE_2337_length_4449_cov_3.328402	4.488486	4.4301214	4.5993905	3.5721104	4408	4449	133	0.029894358	911822.9465517596	3.917548262531282
CAR2_ita_i	SRR33841032.fna/SRR33841032_1.clean.fastq.gz	CAR2_ita_i_NODE_2795_length_3974_cov_4.358255	6.38023	6.2117953	11.891483	4.961257	3950	3974	165	0.04151988	911822.9465517596	5.441031089162631
CAR2_ita_i	SRR33841032.fna/SRR33841032_1.clean.fastq.gz	CAR2_ita_i_NODE_5079_length_2642_cov_17.819482	23.901283	23.793226	64.71287	18.678968	2642	2642	413	0.15632097	911822.9465517596	20.48530152771242
CAR2_ita_i	SRR33841032.fna/SRR33841032_1.clean.fastq.gz	CAR2_ita_i_NODE_7327_length_2072_cov_14.138324	19.85796	19.980925	40.778873	14.99406	2060	2072	260	0.12548262	911822.9465517596	16.444047670332306
CAR2_ita_i	SRR33841032.fna/SRR33841032_1.clean.fastq.gz	CAR2_ita_i_NODE_7577_length_2026_cov_9.056317	12.549041	12.601775	18.110125	9.672528	2023	2026	164	0.08094768	911822.9465517596	10.607901497301198
CAR2_ita_i	SRR33841032.fna/SRR33841032_1.clean.fastq.gz	CAR2_ita_i_NODE_8450_length_1876_cov_3.029105	4.4994206	4.4530244	5.974203	3.4395096	1847	1876	54	0.028784648	911822.9465517596	3.772124416266548
CAR2_ita_i	SRR33841032.fna/SRR33841032_1.clean.fastq.gz	CAR2_ita_i_NODE_9478_length_1738_cov_7.759358	11.301007	11.218182	17.464472	8.456506	1724	1738	123	0.070771	911822.9465517596	9.27428513614399
CAR2_ita_i	SRR33841032.fna/SRR33841032_1.clean.fastq.gz	CAR2_ita_i_NODE_9670_length_1714_cov_16.324292	23.215473	23.240057	39.59845	17.846981	1705	1714	256	0.14935823	911822.9465517596	19.572857940778874
CAR2_ita_i	SRR33841032.fna/SRR33841032_1.clean.fastq.gz	CAR2_ita_i_NODE_10261_length_1640_cov_4.183596	7.3463087	7.2444115	15.221829	5.3916726	1640	1640	74	0.045121953	911822.9465517596	5.91306965940009
CAR2_ita_i	SRR33841032.fna/SRR33841032_1.clean.fastq.gz	CAR2_ita_i_NODE_10292_length_1637_cov_2.701643	4.05111	4.021658	3.3648157	3.0657463	1637	1637	42	0.025656689	911822.9465517596	3.362216657952875
CAR2_ita_i	SRR33841032.fna/SRR33841032_1.clean.fastq.gz	CAR2_ita_i_NODE_10752_length_1589_cov_9.616688	12.033357	11.987664	10.384147	9.24947	1589	1589	123	0.077407174	911822.9465517596	10.143932037440731
CAR2_ita_i	SRR33841032.fna/SRR33841032_1.clean.fastq.gz	CAR2_ita_i_NODE_17011_length_1170_cov_1.480717	2.204902	2.1655774	0.8264726	1.6340666	1138	1170	16	0.013675214	911822.9465517596	1.7920876044845644
CAR2_ita_i	SRR33841032.fna/SRR33841032_1.clean.fastq.gz	CAR2_ita_i_NODE_17632_length_1143_cov_3.854779	5.7280965	5.6860337	12.16793	4.1816664	1101	1143	40	0.034995627	911822.9465517596	4.5860508510054565
CAR2_ita_i	SRR33841032.fna/SRR33841032_1.clean.fastq.gz	CAR2_ita_i_NODE_22354_length_985_cov_11.324731	15.8503	15.621514	38.175407	11.888457	985	985	98	0.099492386	911822.9465517596	13.038120004501502
CAR2_ita_i	SRR33841032.fna/SRR33841032_1.clean.fastq.gz	CAR2_ita_i_NODE_28834_length_840_cov_5.187261	6.8376813	6.863344	8.490305	4.836545	746	840	34	0.04047619	911822.9465517596	5.304258922513806
CAR2_ita_i	SRR33841032.fna/SRR33841032_1.clean.fastq.gz	CAR2_ita_i_NODE_29971_length_820_cov_4.958170	7.629851	7.652318	8.21854	5.245951	820	820	36	0.043902438	911822.9465517596	5.753256177461436
CAR2_ita_i	SRR33841032.fna/SRR33841032_1.clean.fastq.gz	CAR2_ita_i_NODE_33166_length_770_cov_5.509091	10.237097	10.188172	21.861305	6.983247	770	770	45	0.058441557	911822.9465517596	7.6585558922470005
CAR1_ita_i	SRR33841033.fna/SRR33841033_1.clean.fastq.gz	CAR1_ita_i_NODE_22_length_114448_cov_23.756690	36.53246	36.471954	60.13869	4.5935307	114448	114448	27889	0.24368273	728809.0687083025	6.302790260474254
CAR1_ita_i	SRR33841033.fna/SRR33841033_1.clean.fastq.gz	CAR1_ita_i_NODE_540_length_32990_cov_8.210900	12.290164	12.144573	20.594833	1.5444918	32990	32990	2703	0.08193392	728809.0687083025	2.1191994807876977
CAR1_ita_i	SRR33841033.fna/SRR33841033_1.clean.fastq.gz	CAR1_ita_i_NODE_1207_length_22230_cov_23.305209	36.118298	33.73073	436.54822	4.534963	22230	22230	5348	0.2405758	728809.0687083025	6.222429432769679
CAR1_ita_i	SRR33841033.fna/SRR33841033_1.clean.fastq.gz	CAR1_ita_i_NODE_4504_length_10259_cov_5.377989	8.831339	8.555776	16.69385	1.1079856	10259	10259	603	0.05877766	728809.0687083025	1.5202686788238342
CAR1_ita_i	SRR33841033.fna/SRR33841033_1.clean.fastq.gz	CAR1_ita_i_NODE_6842_length_7739_cov_21.404867	34.582817	34.38164	86.71445	4.3064485	7739	7739	1768	0.2284533	728809.0687083025	5.908884349686388
CAR1_ita_i	SRR33841033.fna/SRR33841033_1.clean.fastq.gz	CAR1_ita_i_NODE_8997_length_6397_cov_12.389940	19.279335	18.79157	59.236893	2.407507	6397	6397	817	0.12771612	728809.0687083025	3.3033439118244248
CAR1_ita_i	SRR33841033.fna/SRR33841033_1.clean.fastq.gz	CAR1_ita_i_NODE_13453_length_4855_cov_6.460417	9.272689	9.112161	20.417757	1.1453934	4855	4855	295	0.0607621	728809.0687083025	1.5715959764743686
CAR1_ita_i	SRR33841033.fna/SRR33841033_1.clean.fastq.gz	CAR1_ita_i_NODE_16542_length_4199_cov_9.152751	14.295876	14.065844	89.4658	1.7732626	4158	4199	395	0.09407002	728809.0687083025	2.4330962334796746
CAR1_ita_i	SRR33841033.fna/SRR33841033_1.clean.fastq.gz	CAR1_ita_i_NODE_19201_length_3790_cov_6.497724	10.861539	10.752748	14.40017	1.3230135	3790	3790	266	0.0701847	728809.0687083025	1.815308778120489
CAR1_ita_i	SRR33841033.fna/SRR33841033_1.clean.fastq.gz	CAR1_ita_i_NODE_21290_length_3516_cov_5.359434	8.567439	8.268317	30.227098	1.0615444	3516	3516	198	0.05631399	728809.0687083025	1.456546639686328
CAR1_ita_i	SRR33841033.fna/SRR33841033_1.clean.fastq.gz	CAR1_ita_i_NODE_22394_length_3391_cov_13.916367	23.871645	23.979774	60.01933	2.9518113	3391	3391	531	0.15659098	728809.0687083025	4.050184646071451
CAR1_ita_i	SRR33841033.fna/SRR33841033_1.clean.fastq.gz	CAR1_ita_i_NODE_23634_length_3262_cov_7.167134	11.519602	11.444682	15.493029	1.4042492	3262	3262	243	0.074494176	728809.0687083025	1.9267724021173436
CAR1_ita_i	SRR33841033.fna/SRR33841033_1.clean.fastq.gz	CAR1_ita_i_NODE_26612_length_3002_cov_25.232779	39.217392	39.114098	33.017605	4.803664	3002	3002	765	0.25483012	728809.0687083025	6.591114471879071
CAR1_ita_i	SRR33841033.fna/SRR33841033_1.clean.fastq.gz	CAR1_ita_i_NODE_29290_length_2804_cov_7.703529	11.993972	11.946862	28.992048	1.4521035	2721	2804	216	0.07703281	728809.0687083025	1.9924333578527245
CAR1_ita_i	SRR33841033.fna/SRR33841033_1.clean.fastq.gz	CAR1_ita_i_NODE_32557_length_2600_cov_8.478978	13.76449	13.679057	32.189926	1.6385396	2600	2600	226	0.08692308	728809.0687083025	2.248242606124605
CAR1_ita_i	SRR33841033.fna/SRR33841033_1.clean.fastq.gz	CAR1_ita_i_NODE_33454_length_2549_cov_13.255413	20.819092	20.597872	15.939734	2.5587516	2549	2549	346	0.1357395	728809.0687083025	3.510866850950384
CAR1_ita_i	SRR33841033.fna/SRR33841033_1.clean.fastq.gz	CAR1_ita_i_NODE_34468_length_2494_cov_19.398934	31.466724	31.584835000000002	42.544334	3.8320694	2494	2494	507	0.20328788	728809.0687083025	5.257988085674798
CAR1_ita_i	SRR33841033.fna/SRR33841033_1.clean.fastq.gz	CAR1_ita_i_NODE_36146_length_2410_cov_4.701062	7.6230087	7.3677483	12.2934065	0.91514665	2410	2410	117	0.04854772	728809.0687083025	1.2556740706066556
CAR1_ita_i	SRR33841033.fna/SRR33841033_1.clean.fastq.gz	CAR1_ita_i_NODE_38113_length_2319_cov_5.689488	8.804057	8.332821	57.605038	1.0729884	2319	2319	132	0.056921087	728809.0687083025	1.472248968994994
CAR1_ita_i	SRR33841033.fna/SRR33841033_1.clean.fastq.gz	CAR1_ita_i_NODE_39740_length_2250_cov_80.204100	110.71762	111.46508	387.29752	13.5471945	2250	2250	1617	0.7186667	728809.0687083025	18.588125589614624
CAR1_ita_i	SRR33841033.fna/SRR33841033_1.clean.fastq.gz	CAR1_ita_i_NODE_43217_length_2119_cov_4.926357	8.04774	7.889453	10.148128	0.9785512	2119	2119	110	0.05191128	728809.0687083025	1.342671547342743
CAR1_ita_i	SRR33841033.fna/SRR33841033_1.clean.fastq.gz	CAR1_ita_i_NODE_45893_length_2029_cov_50.749747	79.93188	79.89604	74.74934	9.727169	2029	2029	1047	0.51601774	728809.0687083025	13.346662956924852
CAR1_ita_i	SRR33841033.fna/SRR33841033_1.clean.fastq.gz	CAR1_ita_i_NODE_48622_length_1944_cov_3.881419	5.7363434	5.6101484	7.1658053	0.7175585	1943	1944	74	0.038065843	728809.0687083025	0.9845630780524695
CAR1_ita_i	SRR33841033.fna/SRR33841033_1.clean.fastq.gz	CAR1_ita_i_NODE_49265_length_1927_cov_2.019231	3.5644345	3.4484696	3.1626537	0.43042037	1900	1927	44	0.02283342	728809.0687083025	0.5905804256289666
CAR1_ita_i	SRR33841033.fna/SRR33841033_1.clean.fastq.gz	CAR1_ita_i_NODE_50355_length_1895_cov_24.255435	38.507736	38.73711	120.84181	4.5957313	1895	1895	462	0.24379948	728809.0687083025	6.30580970698567
CAR1_ita_i	SRR33841033.fna/SRR33841033_1.clean.fastq.gz	CAR1_ita_i_NODE_51396_length_1867_cov_3.472958	5.535818	5.224305	11.276834	0.6562826	1863	1867	65	0.03481521	728809.0687083025	0.9004863251264917
CAR1_ita_i	SRR33841033.fna/SRR33841033_1.clean.fastq.gz	CAR1_ita_i_NODE_52156_length_1847_cov_4.363839	7.216853	7.152387	8.544929	0.8573028	1847	1847	84	0.045479156	728809.0687083025	1.1763064385565785
CAR1_ita_i	SRR33841033.fna/SRR33841033_1.clean.fastq.gz	CAR1_ita_i_NODE_54415_length_1791_cov_7.034562	11.676416	11.52065	46.272667	1.4208885	1791	1791	135	0.07537688	728809.0687083025	1.9496032102321361
CAR1_ita_i	SRR33841033.fna/SRR33841033_1.clean.fastq.gz	CAR1_ita_i_NODE_56040_length_1753_cov_2.435218	4.7117906	4.6507277	3.784549	0.55916923	1753	1753	52	0.029663434	728809.0687083025	0.767236926663163
CAR1_ita_i	SRR33841033.fna/SRR33841033_1.clean.fastq.gz	CAR1_ita_i_NODE_57393_length_1723_cov_3.160671	5.429752	5.417784	3.2732115	0.6454886	1723	1723	59	0.0342426	728809.0687083025	0.8856758617782093
CAR1_ita_i	SRR33841033.fna/SRR33841033_1.clean.fastq.gz	CAR1_ita_i_NODE_58208_length_1705_cov_89.910909	141.05852	142.1449	239.54794	16.893547	1705	1705	1528	0.89618766	728809.0687083025	23.17966079914608
CAR1_ita_i	SRR33841033.fna/SRR33841033_1.clean.fastq.gz	CAR1_ita_i_NODE_58949_length_1689_cov_16.574051	25.85445	25.885365	37.237587	3.1473231	1689	1689	282	0.1669627	728809.0687083025	4.318446675722802
CAR1_ita_i	SRR33841033.fna/SRR33841033_1.clean.fastq.gz	CAR1_ita_i_NODE_62805_length_1612_cov_8.994220	13.593707	13.629179	9.8170185	1.6839114	1612	1612	144	0.089330025	728809.0687083025	2.310497319942058
CAR1_ita_i	SRR33841033.fna/SRR33841033_1.clean.fastq.gz	CAR1_ita_i_NODE_67152_length_1535_cov_3.913514	6.3812275	6.2919006	10.405138000000001	0.749106	1535	1535	61	0.039739415	728809.0687083025	1.027849449414331
CAR1_ita_i	SRR33841033.fna/SRR33841033_1.clean.fastq.gz	CAR1_ita_i_NODE_70601_length_1478_cov_3.845397	6.771837	6.819398	3.7029896	0.79074985	1478	1478	62	0.04194858	728809.0687083025	1.0849890375286873
CAR1_ita_i	SRR33841033.fna/SRR33841033_1.clean.fastq.gz	CAR1_ita_i_NODE_70828_length_1475_cov_3.192958	5.309434	5.2455993	7.556747	0.62621856	1475	1475	49	0.03322034	728809.0687083025	0.8592354114224624
CAR1_ita_i	SRR33841033.fna/SRR33841033_1.clean.fastq.gz	CAR1_ita_i_NODE_72164_length_1456_cov_25.950036	40.774883	40.823128	91.82055	4.855028	1456	1456	375	0.25755495	728809.0687083025	6.661591092170081
CAR1_ita_i	SRR33841033.fna/SRR33841033_1.clean.fastq.gz	CAR1_ita_i_NODE_100565_length_1140_cov_5.210138	8.249495	8.184978	5.418984	1.0252002	1140	1140	62	0.054385964	728809.0687083025	1.4066787091672768
CAR1_ita_i	SRR33841033.fna/SRR33841033_1.clean.fastq.gz	CAR1_ita_i_NODE_104709_length_1106_cov_2.388202	4.3943515	4.37935	3.0893497	0.51131433	1106	1106	30	0.027124774	728809.0687083025	0.7015751476668958
CAR1_ita_i	SRR33841033.fna/SRR33841033_1.clean.fastq.gz	CAR1_ita_i_NODE_109226_length_1071_cov_2.673228	5.4679694	5.4004827	5.6796813	0.6336287	1071	1071	36	0.033613447	728809.0687083025	0.8694028754650455
CAR1_ita_i	SRR33841033.fna/SRR33841033_1.clean.fastq.gz	CAR1_ita_i_NODE_113924_length_1038_cov_6.497457	9.966216	9.86	28.032686000000002	1.1077821	950	1038	61	0.05876686	728809.0687083025	1.5199894561731604
CAR1_ita_i	SRR33841033.fna/SRR33841033_1.clean.fastq.gz	CAR1_ita_i_NODE_129026_length_947_cov_3.178251	5.0928483	5.0904036	4.1948857	0.5772579	947	947	29	0.03062302	728809.0687083025	0.7920564174964196
CAR1_ita_i	SRR33841033.fna/SRR33841033_1.clean.fastq.gz	CAR1_ita_i_NODE_136526_length_909_cov_10.901639	17.53228	17.623358	17.49731	2.0115447	909	909	97	0.10671067	728809.0687083025	2.760043454954727
CAR1_ita_i	SRR33841033.fna/SRR33841033_1.clean.fastq.gz	CAR1_ita_i_NODE_147198_length_859_cov_22.651741	35.76869	35.99374	38.613083	4.1255946	859	859	188	0.21885914	728809.0687083025	5.6607344462822855
CAR1_ita_i	SRR33841033.fna/SRR33841033_1.clean.fastq.gz	CAR1_ita_i_NODE_149243_length_850_cov_61.899371	94.674286	94.74603	126.49464	11.110681	850	850	501	0.58941174	728809.0687083025	15.244981816282701
CAR1_ita_i	SRR33841033.fna/SRR33841033_1.clean.fastq.gz	CAR1_ita_i_NODE_151405_length_841_cov_3.583969	6.463097	6.414125	7.909868	0.7172587	841	841	32	0.03804994	728809.0687083025	0.9841517220295108
CAR1_ita_i	SRR33841033.fna/SRR33841033_1.clean.fastq.gz	CAR1_ita_i_NODE_204178_length_675_cov_4.690323	8.064762	8.128964	2.9194615	0.837798	628	675	30	0.044444446	728809.0687083025	1.1495438736579706
